symbol,name,sector,market_cap
20MICRONS,20 Microns Limited,Basic Materials,7037893120.0
21STCENMGM,21st Century Management Services Limited,Financial Services,356895008.0
360ONE,360 ONE WAM LIMITED,Financial Services,461831503872.0
3BBLACKBIO,3B Blackbio Dx Limited,,
3IINFOLTD,3i Infotech Limited,Technology,3598455296.0
3MINDIA,3M India Limited,Industrials,381604233216.0
3PLAND,3P Land Holdings Limited,,
5PAISA,5Paisa Capital Limited,Financial Services,15777213440.0
63MOONS,63 moons technologies limited,Technology,31259680768.0
A2ZINFRA,A2Z Infra Engineering Limited,Industrials,2529693440.0
AAATECH,AAA Technologies Limited,Technology,1230090112.0
AADHARHFC,Aadhar Housing Finance Limited,Financial Services,218996555776.0
AAKASH,Aakash Exploration Services Limited,Energy,936562496.0
AAREYDRUGS,Aarey Drugs & Pharmaceuticals Limited,Healthcare,2551887360.0
AARNAV,Aarnav Fashions Limited,,
AARON,Aaron Industries Limited,Industrials,2582910208.0
AARTECH,Aartech Solonics Limited,Industrials,1618700672.0
AARTIDRUGS,Aarti Drugs Limited,Healthcare,34650656768.0
AARTIIND,Aarti Industries Limited,Basic Materials,177987665920.0
AARTIPHARM,Aarti Pharmalabs Limited,Healthcare,65817526272.0
AARTISURF,Aarti Surfactants Limited,Basic Materials,3196496128.0
AARVI,Aarvi Encon Limited,Industrials,2022104832.0
AAVAS,Aavas Financiers Limited,Financial Services,116473757696.0
ABANSENT,Abans Enterprises Limited,,
ABB,ABB India Limited,Industrials,1531038007296.0
ABBOTINDIA,Abbott India Limited,Healthcare,552800616448.0
ABCAPITAL,Aditya Birla Capital Limited,Financial Services,1025144586240.0
ABCOTS,A B Cotspin India Limited,Consumer Cyclical,5445001216.0
ABDL,Allied Blenders and Distillers Limited,Consumer Defensive,176622977024.0
ABFRL,Aditya Birla Fashion and Retail Limited,Consumer Cyclical,73943547904.0
ABINFRA,A B Infrabuild Limited,Industrials,6585918976.0
ABLBL,Aditya Birla Lifestyle Brands Limited,Consumer Cyclical,119666155520.0
ABMINTLLTD,ABM International Limited,Basic Materials,386668800.0
ABMKNO,ABM Knowledgeware Limited,,
ABREL,Aditya Birla Real Estate Limited,Real Estate,148273823744.0
ABSLAMC,Aditya Birla Sun Life AMC Limited,Financial Services,350370037760.0
ACC,ACC Limited,Basic Materials,253738139648.0
ACCELYA,Accelya Solutions India Limited,Technology,16730846208.0
ACCURACY,Accuracy Shipping Limited,Industrials,853675200.0
ACE,Action Construction Equipment Limited,Industrials,122929889280.0
ACEINTEG,Ace Integrated Solutions Limited,Industrials,213996000.0
ACI,Archean Chemical Industries Limited,Basic Materials,67247788032.0
ACL,Andhra Cements Limited,Basic Materials,4884201984.0
ACMESOLAR,Acme Solar Holdings Limited,Utilities,243705856000.0
ACSTECH,ACS Technologies Limited,,
ACUTAAS,Acutaas Chemicals Limited,Basic Materials,269405110272.0
ADANIENSOL,Adani Energy Solutions Limited,Utilities,1841806573568.0
ADANIENT,Adani Enterprises Limited,Energy,4222017339392.0
ADANIGREEN,Adani Green Energy Limited,Utilities,2538957438976.0
ADANIPORTS,Adani Ports and Special Economic Zone Limited,Industrials,4227304259584.0
ADANIPOWER,Adani Power Limited,Utilities,4502783524864.0
ADFFOODS,ADF Foods Limited,Consumer Defensive,34414772224.0
ADL,Archidply Decor Limited,Consumer Cyclical,396873632.0
ADOR,Ador Welding Limited,Industrials,21715234816.0
ADROITINFO,Adroit Infotech Limited,Technology,526869568.0
ADSL,Allied Digital Services Limited,Technology,6876470272.0
ADVAIT,Advait Energy Transitions Limited,Industrials,26520590336.0
ADVANCE,Advance Agrolife Limited,Basic Materials,7039286272.0
ADVANIHOTR,Advani Hotels & Resorts (India) Limited,Consumer Cyclical,5031427584.0
ADVENTHTL,Advent Hotels International Limited,Consumer Cyclical,7844374528.0
ADVENZYMES,Advanced Enzyme Technologies Limited,Basic Materials,42438963200.0
AEGISLOG,Aegis Logistics Limited,Energy,374517006336.0
AEGISVOPAK,Aegis Vopak Terminals Limited,Energy,267059200000.0
AEPL,Artemis Electricals and Projects Limited,Industrials,4142108672.0
AEQUS,Aequs Limited,Industrials,150911139840.0
AEROENTER,Aeroflex Enterprises Limited,Basic Materials,16676644864.0
AEROFLEX,Aeroflex Industries Limited,Industrials,68011401216.0
AERONEU,Aeroflex Neu Limited,Consumer Cyclical,2417085184.0
AETHER,Aether Industries Limited,Basic Materials,161643921408.0
AFCONS,Afcons Infrastructure Limited,Industrials,116275109888.0
AFFLE,Affle 3i Limited,Communication Services,207585558528.0
AFFORDABLE,Affordable Robotic & Automation Limited,Industrials,2082239104.0
AFIL,Akme Fintrade (India) Limited,Financial Services,6112138240.0
AFSL,Abans Financial Services Limited,Financial Services,10219299840.0
AGARIND,Agarwal Industrial Corporation Limited,Basic Materials,8110861312.0
AGARWALEYE,Dr. Agarwal's Health Care Limited,Healthcare,153958662144.0
AGI,AGI Greenpac Limited,Consumer Cyclical,47170859008.0
AGIIL,Agi Infra Limited,Real Estate,45655298048.0
AGRITECH,Agri-Tech (India) Limited,Consumer Defensive,689040000.0
AGROPHOS,Agro Phos India Limited,Basic Materials,644108672.0
AHCL,Anlon Healthcare Limited,Healthcare,8467034112.0
AHLADA,Ahlada Engineers Limited,Industrials,519941056.0
AHLEAST,Asian Hotels (East) Limited,Consumer Cyclical,2726900480.0
AHLUCONT,Ahluwalia Contracts (India) Limited,Industrials,55907815424.0
AHLWEST,Asian Hotels (West) Limited,Consumer Cyclical,7701449728.0
AIAENG,AIA Engineering Limited,Industrials,458408329216.0
AIIL,Authum Investment & Infrastructure Limited,Financial Services,464993386496.0
AIRAN,Airan Limited,Technology,2056579072.0
AIROLAM,Airo Lam limited,Consumer Cyclical,1312674944.0
AJANTPHARM,Ajanta Pharma Limited,Healthcare,402042847232.0
AJAXENGG,Ajax Engineering Limited,Industrials,66275856384.0
AJMERA,Ajmera Realty & Infra India Limited,Real Estate,27145992192.0
AJOONI,Ajooni Biotech Limited,Consumer Defensive,649358400.0
AKASH,Akash Infra-Projects Limited,Industrials,456300160.0
AKCAPIT,AK Capital Services Limited,,
AKG,Akg Exim Limited,Industrials,358122016.0
AKI,AKI India Limited,Consumer Cyclical,492292384.0
AKSHAR,Akshar Spintex Limited,Consumer Cyclical,362235520.0
AKSHARCHEM,AksharChem India Limited,Basic Materials,1951159424.0
AKSHOPTFBR,Aksh Optifibre Limited,Technology,1229996672.0
AKUMS,Akums Drugs and Pharmaceuticals Limited,Healthcare,96438992896.0
ALANKIT,Alankit Limited,Technology,2326536704.0
ALBERTDAVD,Albert David Limited,Healthcare,4124566016.0
ALEMBICLTD,Alembic Limited,Real Estate,24301832192.0
ALGOQUANT,Algoquant Fintech Limited,Financial Services,16219241472.0
ALICON,Alicon Castalloy Limited,Industrials,10807635968.0
ALIVUS,Alivus Life Sciences Limited,Healthcare,137946873856.0
ALKALI,Alkali Metals Limited,Basic Materials,872844416.0
ALKEM,Alkem Laboratories Limited,Healthcare,654977073152.0
ALKYLAMINE,Alkyl Amines Chemicals Limited,Basic Materials,93807198208.0
ALLCARGO,Allcargo Logistics Limited,Industrials,12611294208.0
ALLDIGI,Alldigi Tech Limited,Industrials,12334662656.0
ALLTIME,All Time Plastics Limited,Consumer Defensive,15869913088.0
ALMONDZ,Almondz Global Securities Limited,Financial Services,2299931904.0
ALOKINDS,Alok Industries Limited,Consumer Cyclical,65541173248.0
ALPA,Alpa Laboratories Limited,Healthcare,1441912320.0
ALPHAGEO,Alphageo (India) Limited,Energy,1336601088.0
AMAGI,Amagi Media Labs Limited,Technology,114875981824.0
AMANTA,Amanta Healthcare Limited,Healthcare,6232111104.0
AMBALALSA,Ambalal Sarabhai Enterprises Limited,Healthcare,
AMBER,Amber Enterprises India Limited,Consumer Cyclical,278491922432.0
AMBICAAGAR,Ambica Agarbathies & Aroma industries Limited,Consumer Defensive,425655968.0
AMBIKCO,Ambika Cotton Mills Limited,Consumer Cyclical,9615710208.0
AMBUJACEM,Ambuja Cements Limited,Basic Materials,1063501758464.0
AMDIND,AMD Industries Limited,Consumer Cyclical,895087168.0
AMIRCHAND,Amir Chand Jagdish Kumar (Exports) Limited,Consumer Defensive,
AMJLAND,Amj Land Holdings Limited,Real Estate,1582189952.0
AMNPLST,Amines & Plasticizers Limited,Basic Materials,10831787008.0
AMRUTANJAN,Amrutanjan Health Care Limited,Healthcare,15951399936.0
ANANDRATHI,Anand Rathi Wealth Limited,Financial Services,320127565824.0
ANANTRAJ,Anant Raj Limited,Real Estate,190554832896.0
ANDHRAPAP,ANDHRA PAPER LIMITED,Basic Materials,12624999424.0
ANDHRSUGAR,The Andhra Sugars Limited,Basic Materials,11466294272.0
ANGELONE,Angel One Limited,Financial Services,322503671808.0
ANIKINDS,Anik Industries Limited,Consumer Defensive,1281378432.0
ANMOL,Anmol India Limited,Energy,663049856.0
ANTELOPUS,Antelopus Selan Energy Limited,Energy,29606707200.0
ANTGRAPHIC,Antarctica Limited,Consumer Cyclical,124007680.0
ANTHEM,Anthem Biosciences Limited,Healthcare,433025220608.0
ANUHPHR,Anuh Pharma Limited,Healthcare,8112130560.0
ANUP,The Anup Engineering Limited,Industrials,47652851712.0
ANURAS,Anupam Rasayan India Limited,Basic Materials,147228639232.0
APARINDS,Apar Industries Limited,Industrials,662955229184.0
APCL,Anjani Portland Cement Limited,Basic Materials,3316410880.0
APCOTEXIND,Apcotex Industries Limited,Basic Materials,28670263296.0
APEX,Apex Frozen Foods Limited,Consumer Defensive,12990625792.0
APLAPOLLO,APL Apollo Tubes Limited,Basic Materials,514362179584.0
APLLTD,Alembic Pharmaceuticals Limited,Healthcare,154616545280.0
APOLLO,Apollo Micro Systems Limited,Industrials,153564561408.0
APOLLOHOSP,Apollo Hospitals Enterprise Limited,Healthcare,1229286932480.0
APOLLOPIPE,Apollo Pipes Limited,Industrials,21933326336.0
APOLLOTYRE,Apollo Tyres Limited,Consumer Cyclical,270301986816.0
APOLSINHOT,Apollo Sindoori Hotels Limited,Industrials,3463732736.0
APTECHT,Aptech Limited,Consumer Defensive,6251543552.0
APTUS,Aptus Value Housing Finance India Limited,Financial Services,135200530432.0
AQYLON,Aqylon Nexus Limited,Communication Services,11288472576.0
ARCHIDPLY,Archidply Industries Limited,Basic Materials,1676248832.0
ARCHIES,Archies Limited,Consumer Cyclical,494876992.0
ARE&M,Amara Raja Energy & Mobility Limited,Industrials,156834430976.0
ARENTERP,Rajdarshan Industries Limited,Basic Materials,123241680.0
ARFIN,Arfin India Limited,Basic Materials,16187235328.0
ARIES,Aries Agro Limited,Basic Materials,4387663872.0
ARIHANT,Arihant Foundations & Housing Limited,Real Estate,9400404992.0
ARIHANTCAP,Arihant Capital Markets Limited,Financial Services,7783576576.0
ARIHANTSUP,Arihant Superstructures Limited,Real Estate,11610461184.0
ARIS,Arisinfra Solutions Limited,Industrials,9809715200.0
ARKADE,Arkade Developers Limited,Real Estate,22413312000.0
ARMANFIN,Arman Financial Services Limited,Financial Services,16991853568.0
AROGRANITE,Aro Granite Industries Limited,Industrials,399330016.0
ARROWGREEN,Arrow Greentech Limited,Consumer Cyclical,9149326336.0
ARSSBL,Anand Rathi Share and Stock Brokers Limited,Financial Services,35127705600.0
ARTEMISMED,Artemis Medicare Services Limited,,
ARTNIRMAN,Art Nirman Limited,Real Estate,1001983424.0
ARVEE,Arvee Laboratories (India) Limited,Basic Materials,1867890048.0
ARVIND,Arvind Limited,Consumer Cyclical,134805553152.0
ARVINDFASN,Arvind Fashions Limited,Consumer Cyclical,63519535104.0
ARVSMART,Arvind SmartSpaces Limited,Real Estate,28104992768.0
ASAHIINDIA,Asahi India Glass Limited,Consumer Cyclical,219288387584.0
ASAHISONG,Asahi Songwon Colors Limited,Basic Materials,3046889216.0
ASAL,Automotive Stampings and Assemblies Limited,Consumer Cyclical,8539804672.0
ASALCBR,Associated Alcohols & Breweries Ltd.,Consumer Defensive,17086395392.0
ASHAPURMIN,Ashapura Minechem Limited,Basic Materials,67059318784.0
ASHIANA,Ashiana Housing Limited,Real Estate,38822699008.0
ASHIKA,Ashika Credit Capital Limited,,
ASHIMASYN,Ashima Limited,Real Estate,3058894848.0
ASHOKA,Ashoka Buildcon Limited,Industrials,38964383744.0
ASHOKAMET,Ashoka Metcast Limited,Basic Materials,384938400.0
ASHOKLEY,Ashok Leyland Limited,Industrials,910095024128.0
ASIANENE,Asian Energy Services Limited,Energy,18544369664.0
ASIANHOTNR,Asian Hotels (North) Limited,Consumer Cyclical,12821943296.0
ASIANPAINT,Asian Paints Limited,Basic Materials,2567440957440.0
ASIANTILES,Asian Granito India Limited,Industrials,16697488384.0
ASKAUTOLTD,ASK Automotive Limited,Consumer Cyclical,92262735872.0
ASMS,Avio Smart Market Stack Limited,Technology,2326966272.0
ASPINWALL,Aspinwall and Company Limited,Consumer Defensive,1924862464.0
ASTAR,Asian Star Company Limited,,
ASTEC,Astec LifeSciences Limited,Basic Materials,17446991872.0
ASTERDM,Aster DM Healthcare Limited,Healthcare,404608483328.0
ASTRAL,Astral Limited,Industrials,420437524480.0
ASTRAMICRO,Astra Microwave Products Limited,Technology,157646700544.0
ASTRAZEN,AstraZeneca Pharma India Limited,Healthcare,218149994496.0
ASTRON,Astron Paper & Board Mill Limited,Basic Materials,181014592.0
ATALREAL,Atal Realtech Limited,Industrials,3698302976.0
ATAM,Atam Valves Limited,Industrials,821897088.0
ATGL,Adani Total Gas Limited,Utilities,802641346560.0
ATHERENERG,Ather Energy Limited,Consumer Cyclical,371014336512.0
ATL,Allcargo Terminals Limited,Industrials,7235192832.0
ATLANTAA,ATLANTAA LIMITED,Industrials,3403439872.0
ATLANTAELE,Atlanta Electricals Limited,Industrials,148102905856.0
ATLASCYCLE,Atlas Cycles (Haryana) Limited,Consumer Cyclical,646026240.0
ATUL,Atul Limited,Basic Materials,193903411200.0
ATULAUTO,Atul Auto Limited,Consumer Cyclical,13141618688.0
AUBANK,AU Small Finance Bank Limited,Financial Services,777657057280.0
AURIGROW,Auri Grow India Limited,Industrials,226521600.0
AURIONPRO,Aurionpro Solutions Limited,Technology,50216701952.0
AUROPHARMA,Aurobindo Pharma Limited,Healthcare,873999040512.0
AURUM,Aurum PropTech Limited,Real Estate,16164029440.0
AUSOMENT,Ausom Enterprise Limited,Financial Services,1593819264.0
AUTOAXLES,Automotive Axles Limited,Consumer Cyclical,27125987328.0
AUTOIND,Autoline Industries Limited,Consumer Cyclical,3659526144.0
AVADHSUGAR,Avadh Sugar & Energy Limited,Consumer Defensive,9044322304.0
AVALON,Avalon Technologies Limited,Technology,115489284096.0
AVANTEL,Avantel Limited,Technology,46180544512.0
AVANTIFEED,Avanti Feeds Limited,Consumer Defensive,129923833856.0
AVG,AVG Logistics Limited,Industrials,3527969024.0
AVL,Aditya Vision Limited,Consumer Cyclical,79671721984.0
AVONMORE,Avonmore Capital & Management Services Limited,Financial Services,3067347968.0
AVROIND,AVRO INDIA LIMITED,Consumer Cyclical,1380623744.0
AVTNPL,AVT Natural Products Limited,Basic Materials,10845666304.0
AWFIS,Awfis Space Solutions Limited,Industrials,21626394624.0
AWHCL,Antony Waste Handling Cell Limited,Industrials,13980145664.0
AWL,AWL Agri Business Limited,Consumer Defensive,241467916288.0
AXISBANK,Axis Bank Limited,Financial Services,4244140457984.0
AXISCADES,AXISCADES Technologies Limited,Industrials,80179412992.0
AXITA,Axita Cotton Limited,Consumer Cyclical,2942759424.0
AYE,Aye Finance Limited,Financial Services,40481681408.0
AYMSYNTEX,AYM Syntex Limited,Consumer Cyclical,12777602048.0
AZAD,Azad Engineering Limited,Industrials,135214792704.0
BAFNAPH,Bafna Pharmaceuticals Limited,Healthcare,4177472256.0
BAGFILMS,B.A.G Films and Media Limited,Communication Services,990815296.0
BAIDFIN,Baid Finserv Limited,Financial Services,1547332224.0
BAJAJ-AUTO,Bajaj Auto Limited,Consumer Cyclical,2855553466368.0
BAJAJCON,Bajaj Consumer Care Limited,Consumer Defensive,79860047872.0
BAJAJELEC,Bajaj Electricals Limited,Consumer Cyclical,37831520256.0
BAJAJFINSV,Bajaj Finserv Limited,Financial Services,2866924486656.0
BAJAJHCARE,Bajaj Healthcare Limited,Healthcare,10844425216.0
BAJAJHFL,Bajaj Housing Finance Limited,Financial Services,741250891776.0
BAJAJHIND,Bajaj Hindusthan Sugar Limited,Consumer Defensive,45104447488.0
BAJAJHLDNG,Bajaj Holdings & Investment Limited,Financial Services,1220667244544.0
BAJAJINDEF,Indef Manufacturing Limited,Industrials,8078400000.0
BAJAJST,Bajaj Steel Industries Limited,,
BAJEL,Bajel Projects Limited,Utilities,24107769856.0
BAJFINANCE,Bajaj Finance Limited,Financial Services,6022946095104.0
BALAJEE,Shree Tirupati Balajee Agro Trading Company Limited,Consumer Cyclical,2408787200.0
BALAJITELE,Balaji Telefilms Limited,Communication Services,10696926208.0
BALAMINES,Balaji Amines Limited,Basic Materials,68048580608.0
BALAXI,BALAXI PHARMACEUTICALS LIMITED,Healthcare,1270876672.0
BALKRISHNA,Balkrishna Paper Mills Limited,Consumer Cyclical,610560128.0
BALKRISIND,Balkrishna Industries Limited,Consumer Cyclical,429918060544.0
BALMLAWRIE,Balmer Lawrie & Company Limited,Industrials,31293702144.0
BALPHARMA,Bal Pharma Limited,Healthcare,1410270848.0
BALRAMCHIN,Balrampur Chini Mills Limited,Consumer Defensive,113704009728.0
BALUFORGE,Balu Forge Industries Limited,Industrials,54983376896.0
BANARBEADS,Banaras Beads Limited,Consumer Cyclical,692147520.0
BANARISUG,Bannari Amman Sugars Limited,Consumer Defensive,43659472896.0
BANCOINDIA,Banco Products (I) Limited,Consumer Cyclical,96242638848.0
BANDHANBNK,Bandhan Bank Limited,Financial Services,333783138304.0
BANG,Bang Overseas Limited,Consumer Cyclical,435275968.0
BANKA,Banka BioLoo Limited,Industrials,968348160.0
BANKBARODA,Bank of Baroda,Financial Services,1470218240000.0
BANKINDIA,Bank of India,Financial Services,661183922176.0
BANSALWIRE,Bansal Wire Industries Limited,Basic Materials,49542131712.0
BANSWRAS,Banswara Syntex Limited,Consumer Cyclical,4415939072.0
BASF,BASF India Limited,Basic Materials,162983428096.0
BASML,Bannari Amman Spinning Mills Limited,Consumer Cyclical,2069963648.0
BATAINDIA,Bata India Limited,Consumer Cyclical,94924013568.0
BATLIBOI,Batliboi Limited,Industrials,3886357504.0
BAYERCROP,Bayer Cropscience Limited,Basic Materials,189134290944.0
BBL,Bharat Bijlee Limited,Industrials,32980244480.0
BBOX,Black Box Limited,Technology,175681126400.0
BBTC,The Bombay Burmah Trading Corporation Limited,Consumer Defensive,112402538496.0
BBTCL,B&B Triplewall Containers Limited,Consumer Cyclical,4338332160.0
BCG,Brightcom Group Limited,Communication Services,20851331072.0
BCLIND,Bcl Industries Limited,Consumer Defensive,10566846464.0
BCONCEPTS,Brand Concepts Limited,Consumer Cyclical,2207419904.0
BCPL,BCPL Railway Infrastructure Limited,Industrials,1262634624.0
BDL,Bharat Dynamics Limited,Industrials,516669833216.0
BEARDSELL,Beardsell Limited,Industrials,1195335424.0
BECTORFOOD,Mrs. Bectors Food Specialities Limited,Consumer Defensive,57560735744.0
BEDMUTHA,Bedmutha Industries Limited,Basic Materials,3660337664.0
BEEKAY,Beekay Steel Industries Limited,,
BEL,Bharat Electronics Limited,Industrials,3147225104384.0
BELLACASA,Bella Casa Fashion & Retail Limited,Consumer Cyclical,3474859520.0
BELRISE,Belrise Industries Limited,Consumer Cyclical,218011500544.0
BEML,BEML Limited,Industrials,147604766720.0
BENGALASM,Bengal & Assam Company Limited,,
BEPL,Bhansali Engineering Polymers Limited,Basic Materials,26127648768.0
BERGEPAINT,Berger Paints (I) Limited,Basic Materials,643050569728.0
BESTAGRO,Best Agrolife Limited,Basic Materials,5617990144.0
BETA,Beta Drugs Limited,Healthcare,22344292352.0
BFINVEST,BF Investment Limited,Financial Services,17515446272.0
BFUTILITIE,BF Utilities Limited,Industrials,24380372992.0
BGRENERGY,BGR Energy Systems Limited,Industrials,24549363712.0
BHAGCHEM,Bhagiradha Chemicals & Industries Limited,Basic Materials,37008850944.0
BHAGERIA,Bhageria Industries Limited,Basic Materials,9950872576.0
BHAGYANGR,Bhagyanagar India Limited,Basic Materials,12991568896.0
BHANDARI,Bhandari Hosiery Exports Limited,Consumer Cyclical,1012187584.0
BHARATCOAL,Bharat Coking Coal Limited,Basic Materials,
BHARATFORG,Bharat Forge Limited,Consumer Cyclical,1020480192512.0
BHARATGEAR,Bharat Gears Limited,Consumer Cyclical,2126522112.0
BHARATRAS,Bharat Rasayan Limited,Basic Materials,23227949056.0
BHARATSE,Bharat Seats Limited,Consumer Cyclical,12008615936.0
BHARATWIRE,Bharat Wire Ropes Limited,Basic Materials,14529528832.0
BHARTIARTL,Bharti Airtel Limited,Communication Services,11718774226944.0
BHARTIHEXA,Bharti Hexacom Limited,Communication Services,742049972224.0
BHEL,Bharat Heavy Electricals Limited,Industrials,1431650304000.0
BI,Bilcare Limited,,
BIGBLOC,Bigbloc Construction Limited,Industrials,6914559488.0
BIKAJI,Bikaji Foods International Limited,Consumer Defensive,166689554432.0
BIL,Bhartiya International Limited,Consumer Cyclical,9759426560.0
BILVYAPAR,BIL VYAPAR LIMITED,Basic Materials,142402432.0
BIMETAL,Bimetal Bearings Limited,Consumer Cyclical,
BIOCON,Biocon Limited,Healthcare,697116917760.0
BIOFILCHEM,Biofil Chemicals & Pharmaceuticals Limited,Healthcare,580974656.0
BIRLACABLE,Birla Cable Limited,Technology,6511500288.0
BIRLACORPN,Birla Corporation Limited,Basic Materials,79161491456.0
BIRLAMONEY,Aditya Birla Money Limited,Financial Services,8193833984.0
BIRLANU,BirlaNu Limited,Industrials,10706569216.0
BIRLAPREC,Birla Precision Technologies Limited,,
BLACKBUCK,BLACKBUCK LIMITED,Technology,103574839296.0
BLACKROSE,Black Rose Inds. Limited,,
BLAL,BEML Land Assets Limited,Financial Services,7702566912.0
BLBLIMITED,BLB Limited,Financial Services,854831168.0
BLIL,Balmer Lawrie Investments Limited,,
BLISSGVS,Bliss GVS Pharma Limited,Healthcare,49273720832.0
BLKASHYAP,B. L. Kashyap and Sons Limited,Industrials,13312481280.0
BLS,BLS International Services Limited,Industrials,108806479872.0
BLSE,BLS E-Services Limited,Industrials,20741654528.0
BLUECOAST,Blue Coast Hotels Limited,Consumer Cyclical,568739136.0
BLUEDART,Blue Dart Express Limited,Industrials,119436926976.0
BLUEJET,Blue Jet Healthcare Limited,Healthcare,91841273856.0
BLUESTARCO,Blue Star Limited,Industrials,340255834112.0
BLUESTONE,BlueStone Jewellery and Lifestyle Limited,Consumer Cyclical,78669799424.0
BLUSPRING,Bluspring Enterprises Limited,Industrials,16109737984.0
BMWVENTLTD,BMW Ventures Limited,Basic Materials,5099709440.0
BNAGROCHEM,BN Agrochem Limited,,
BNALTD,B & A Limited,,
BODALCHEM,Bodal Chemicals Limited,Basic Materials,8564196352.0
BOHRAIND,Bohra Industries Limited,Basic Materials,162180144.0
BOMDYEING,Bombay Dyeing & Mfg Company Limited,Consumer Cyclical,28212668416.0
BONLON,Bonlon Industries Limited,Basic Materials,731516928.0
BORANA,Borana Weaves Limited,Consumer Cyclical,8465210880.0
BOROLTD,Borosil Limited,Consumer Cyclical,28103094272.0
BORORENEW,BOROSIL RENEWABLES LIMITED,Technology,85923446784.0
BOROSCI,Borosil Scientific Limited,Consumer Cyclical,14231527424.0
BOSCH-HCIL,BOSCH HOME COMFORT INDIA LIMITED,Consumer Cyclical,209959059456.0
BOSCHLTD,Bosch Limited,Consumer Cyclical,1185153286144.0
BPCL,Bharat Petroleum Corporation Limited,Energy,1332619247616.0
BPL,BPL Limited,Technology,2917975296.0
BRIGADE,Brigade Enterprises Limited,Real Estate,174480556032.0
BRIGHOTEL,Brigade Hotel Ventures Limited,Consumer Cyclical,25050615808.0
BRITANNIA,Britannia Industries Limited,Consumer Defensive,1265281138688.0
BRNL,Bharat Road Network Limited,Industrials,1586654976.0
BROOKS,Brooks Laboratories Limited,Healthcare,2165402368.0
BSE,BSE Limited,Financial Services,1634913353728.0
BSHSL,Bombay Super Hybrid Seeds Limited,Basic Materials,9758117888.0
BSL,BSL Limited,Consumer Cyclical,1327586816.0
BSOFT,BIRLASOFT LIMITED,Technology,87172907008.0
BTML,Bodhi Tree Multimedia Limited,Communication Services,1113807360.0
BTTL,Bhilwara Technical Textiles Limited,Consumer Cyclical,2002204288.0
BUILDPRO,Shankara Buildpro Limited,Consumer Cyclical,25245972480.0
BUTTERFLY,Butterfly Gandhimathi Appliances Limited,Consumer Cyclical,11774578688.0
BVCL,Barak Valley Cements Limited,Basic Materials,911219200.0
BYKE,The Byke Hospitality Ltd,Consumer Cyclical,1798407936.0
CALSOFT,California Software Company Limited,Technology,1607539072.0
CAMLINFINE,Camlin Fine Sciences Limited,Basic Materials,27221303296.0
CAMPUS,Campus Activewear Limited,Consumer Cyclical,72669184000.0
CAMS,Computer Age Management Services Limited,Technology,204706856960.0
CANBK,Canara Bank,Financial Services,1211385511936.0
CANFINHOME,Can Fin Homes Limited,Financial Services,118887071744.0
CANHLIFE,Canara HSBC Life Insurance Company Limited,Financial Services,134703931392.0
CANTABIL,Cantabil Retail India Limited,Consumer Cyclical,20211970048.0
CAPACITE,Capacit'e Infraprojects Limited,Industrials,23368480768.0
CAPILLARY,Capillary Technologies India Limited,Technology,39890964480.0
CAPITALSFB,Capital Small Finance Bank Limited,Financial Services,12953030656.0
CAPLIPOINT,Caplin Point Laboratories Limited,Healthcare,190166056960.0
CAPTRUST,Capital Trust Limited,Financial Services,440381344.0
CARBORUNIV,Carborundum Universal Limited,Industrials,241393352704.0
CARERATING,CARE Ratings Limited,Financial Services,51667836928.0
CARRARO,Carraro India Limited,Consumer Cyclical,34230308864.0
CARTRADE,Cartrade Tech Limited,Consumer Cyclical,129321230336.0
CARYSIL,CARYSIL LIMITED,Consumer Cyclical,34042955776.0
CASTROLIND,Castrol India Limited,Energy,184599904256.0
CCAVENUE,AvenuesAI Limited,Technology,52284915712.0
CCCL,Consolidated Construction Consortium Limited,Industrials,6652248576.0
CCHHL,Country Club Hospitality & Holidays Limited,Consumer Cyclical,2085810048.0
CCL,CCL Products (India) Limited,Consumer Defensive,155885961216.0
CDSL,Central Depository Services (India) Limited,Financial Services,286747983872.0
CEATLTD,CEAT Limited,Consumer Cyclical,141735886848.0
CEIGALL,Ceigall India Limited,Industrials,66319794176.0
CEINSYS,Ceinsys Tech Limited,Industrials,19484585984.0
CELEBRITY,Celebrity Fashions Limited,Consumer Cyclical,522196128.0
CELLO,Cello World Limited,Consumer Cyclical,85813837824.0
CEMPRO,Cemindia Projects Limited,Industrials,215868276736.0
CENTENKA,Century Enka Limited,Consumer Cyclical,11823352832.0
CENTEXT,Century Extrusions Limited,Basic Materials,1620800000.0
CENTRALBK,Central Bank of India,Financial Services,298062643200.0
CENTRUM,Centrum Capital Limited,Financial Services,11155670016.0
CENTUM,Centum Electronics Limited,Technology,54528372736.0
CENTURYPLY,Century Plyboards (India) Limited,Basic Materials,168007221248.0
CERA,Cera Sanitaryware Limited,Industrials,84577853440.0
CESC,CESC Limited,Utilities,229827411968.0
CEWATER,Concord Enviro Systems Limited,Utilities,7834558464.0
CGCL,Capri Global Capital Limited,Financial Services,207584722944.0
CGPOWER,CG Power and Industrial Solutions Limited,Industrials,1510011305984.0
CHALET,Chalet Hotels Limited,Consumer Cyclical,180286914560.0
CHAMBLFERT,Chambal Fertilizers & Chemicals Limited,Basic Materials,194917335040.0
CHEMBOND,Chembond Material Technologies Limited,Basic Materials,2434140160.0
CHEMBONDCH,Chembond Chemicals Limited,Basic Materials,6056033280.0
CHEMCON,Chemcon Speciality Chemicals Limited,Basic Materials,7352514048.0
CHEMFAB,Chemfab Alkalis Limited,Basic Materials,5519501312.0
CHEMPLASTS,Chemplast Sanmar Limited,Basic Materials,33144510464.0
CHENNPETRO,Chennai Petroleum Corporation Limited,Energy,167316832256.0
CHEVIOT,Cheviot Company Limited,Consumer Cyclical,6625270272.0
CHOICEIN,Choice International Limited,Financial Services,161858256896.0
CHOLAFIN,Cholamandalam Investment and Finance Company Limited,Financial Services,1479323025408.0
CHOLAHLDNG,Cholamandalam Financial Holdings Limited,Financial Services,298303258624.0
CIEINDIA,CIE Automotive India Limited,Consumer Cyclical,179969507328.0
CIFL,Capital India Finance Limited,Financial Services,10011040768.0
CINELINE,Cineline India Limited,Communication Services,2740971776.0
CINEVISTA,Cinevista Limited,Communication Services,895434688.0
CIPLA,Cipla Limited,Healthcare,1163781996544.0
CLEAN,Clean Science and Technology Limited,Basic Materials,87385489408.0
CLEANMAX,Clean Max Enviro Energy Solutions Limited,Utilities,170022371328.0
CLEDUCATE,CL Educate Limited,Consumer Defensive,2684086016.0
CLSEL,Chaman Lal Setia Exports Limited,Consumer Defensive,14574579712.0
CMPDI,Central Mine Planning & Design Institute Limited,Basic Materials,
CMRGREEN,CMR Green Technologies Limited,Basic Materials,
CMSINFO,CMS Info Systems Limited,Industrials,48259117056.0
CNL,Creative Newtech Limited,Technology,11342094336.0
COALINDIA,Coal India Limited,Energy,2764908003328.0
COASTCORP,Coastal Corporation Limited,Consumer Defensive,3530369792.0
COCHINSHIP,Cochin Shipyard Limited,Industrials,388964941824.0
COCKERILL,John Cockerill India Limited,Industrials,
COFFEEDAY,Coffee Day Enterprises Limited,Consumer Cyclical,7199458816.0
COFORGE,Coforge Limited,Technology,658385403904.0
COHANCE,Cohance Lifesciences Limited,Healthcare,167226654720.0
COLPAL,Colgate Palmolive (India) Limited,Consumer Defensive,540952231936.0
COMFINTE,Comfort Intech Limited,,
COMPUSOFT,Compucom Software Limited,Consumer Defensive,1078476288.0
COMSYN,Commercial Syn Bags Limited,Consumer Cyclical,6720107008.0
CONCOR,Container Corporation of India Limited,Industrials,368242262016.0
CONCORDBIO,Concord Biotech Limited,Healthcare,140635570176.0
CONFIPET,Confidence Petroleum India Limited,Energy,22824960000.0
CONSOFINVT,Consolidated Finvest & Holdings Limited,Financial Services,7306405376.0
CONTROLPR,Control Print Limited,Industrials,10334660608.0
CORALFINAC,Coral India Finance & Housing Limited,Real Estate,1303373952.0
CORDSCABLE,Cords Cable Industries Limited,Industrials,2816316928.0
COROMANDEL,Coromandel International Limited,Basic Materials,584631189504.0
CORONA,CORONA Remedies Limited,Healthcare,
COSMOFIRST,COSMO FIRST LIMITED,Consumer Cyclical,20800270336.0
COUNCODOS,Country Condo's Limited,Real Estate,372467040.0
CPCAP,CP Capital Limited,Financial Services,2097617408.0
CPEDU,Career Point Edutech Limited,Consumer Defensive,3820517376.0
CPPLUS,Aditya Infotech Limited,Industrials,429011140608.0
CRAFTSMAN,Craftsman Automation Limited,Consumer Cyclical,250925613056.0
CRAMC,Canara Robeco Asset Management Company Limited,Financial Services,50701881344.0
CREATIVEYE,Creative Eye Limited,Communication Services,132183872.0
CREDITACC,CREDITACCESS GRAMEEN LIMITED,Financial Services,223745785856.0
CREST,Crest Ventures Limited,Financial Services,11192229888.0
CRISIL,Crisil Limited,Financial Services,307416662016.0
CRIZAC,Crizac Limited,Consumer Defensive,36483850240.0
CROMPTON,Crompton Greaves Consumer Electricals Limited,Consumer Cyclical,179183845376.0
CROWN,Crown Lifters Limited,Industrials,1268237824.0
CSBBANK,CSB Bank Limited,Financial Services,61367832576.0
CSLFINANCE,CSL Finance Limited,Financial Services,5205627904.0
CTE,Cambridge Technology Enterprises Limited,Technology,612174528.0
CUB,City Union Bank Limited,Financial Services,196324491264.0
CUBEXTUB,Cubex Tubings Limited,Basic Materials,1261931264.0
CUMMINSIND,Cummins India Limited,Industrials,1613026820096.0
CUPID,Cupid Limited,Consumer Defensive,244997177344.0
CURAA,Cura Technologies Limited,Technology,836945984.0
CYBERMEDIA,Cyber Media (India) Limited,Communication Services,357229696.0
CYBERTECH,Cybertech Systems And Software Limited,Technology,4573083648.0
CYIENT,Cyient Limited,Industrials,97679089664.0
CYIENTDLM,Cyient DLM Limited,Industrials,37876658176.0
DABUR,Dabur India Limited,Consumer Defensive,752155820032.0
DAICHI,Dai-Ichi Karkaria Limited,,
DALBHARAT,Dalmia Bharat Limited,Basic Materials,322367881216.0
DALMIASUG,Dalmia Bharat Sugar and Industries Limited,Consumer Defensive,27280590848.0
DAMCAPITAL,Dam Capital Advisors Limited,Financial Services,10956329984.0
DAMODARIND,Damodar Industries Limited,Consumer Cyclical,738377024.0
DANGEE,Dangee Dums Limited,Consumer Cyclical,478862272.0
DATAMATICS,Datamatics Global Services Limited,Technology,48130330624.0
DATAPATTNS,Data Patterns (India) Limited,Industrials,271522250752.0
DAVANGERE,Davangere Sugar Company Limited,Consumer Defensive,5162266624.0
DBCORP,D.B.Corp Limited,Communication Services,36581425152.0
DBEIL,Deepak Builders & Engineers India Limited,Industrials,3968689664.0
DBL,Dilip Buildcon Limited,Industrials,75666800640.0
DBOL,Dhampur Bio Organics Limited,Consumer Defensive,7483452416.0
DBREALTY,Valor Estate Limited,Real Estate,63461593088.0
DBSTOCKBRO,DB (International) Stock Brokers Limited,Financial Services,1015000000.0
DCAL,Dishman Carbogen Amcis Limited,Healthcare,28067309568.0
DCBBANK,DCB Bank Limited,Financial Services,60280016896.0
DCI,Dc Infotech And Communication Limited,Technology,4469000192.0
DCM,DCM  Limited,Industrials,1828551552.0
DCMFINSERV,DCM Financial Services Limited,Financial Services,120360296.0
DCMNVL,DCM Nouvelle Limited,Consumer Cyclical,2829678848.0
DCMSHRIRAM,DCM Shriram Limited,Industrials,162108866560.0
DCMSIL,DCM Shriram International Limited,Industrials,5871102464.0
DCMSRIND,DCM Shriram Industries Limited,Consumer Defensive,3413573376.0
DCW,DCW Limited,Basic Materials,15061760000.0
DCXINDIA,DCX Systems Limited,Industrials,22684958720.0
DDEVPLSTIK,Ddev Plastiks Industries Limited,Basic Materials,28600948736.0
DECCANCE,Deccan Cements Limited,Basic Materials,8090731520.0
DECNGOLD,Deccan Gold Mines Limited,,
DEEDEV,DEE Development Engineers Limited,Industrials,45720731648.0
DEEPAKFERT,Deepak Fertilizers and Petrochemicals Corporation Limited,Basic Materials,203612454912.0
DEEPAKNTR,Deepak Nitrite Limited,Basic Materials,227503587328.0
DEEPINDS,Deep Industries Limited,Energy,31196801024.0
DELHIVERY,Delhivery Limited,Industrials,362292707328.0
DELPHIFX,DELPHI WORLD MONEY LIMITED,Financial Services,2072512640.0
DELTACORP,Delta Corp Limited,Consumer Cyclical,17737156608.0
DELTAMAGNT,Delta Manufacturing Limited,Consumer Cyclical,687852480.0
DEN,Den Networks Limited,Communication Services,15494892544.0
DENORA,De Nora India Limited,Industrials,4887128576.0
DENTA,Denta Water and Infra Solutions Limited,Industrials,9184799744.0
DEVIT,Dev Information Technology Limited,Technology,1595092992.0
DEVX,Dev Accelerator Limited,Real Estate,3409588992.0
DEVYANI,Devyani International Limited,Consumer Cyclical,146054037504.0
DGCONTENT,Digicontent Limited,Communication Services,1538174336.0
DHAMPURSUG,Dhampur Sugar Mills Limited,Consumer Defensive,9060144128.0
DHANBANK,Dhanlaxmi Bank Limited,Financial Services,13530275840.0
DHANUKA,Dhanuka Agritech Limited,Basic Materials,47961821184.0
DHARMAJ,Dharmaj Crop Guard Limited,Basic Materials,8956283904.0
DHRUV,Dhruv Consultancy Services Limited,Industrials,542633536.0
DHUNINV,Dhunseri Investments Limited,Financial Services,5304544768.0
DIACABS,Diamond Power Infrastructure Limited,Industrials,108661432320.0
DIAMINESQ,Diamines & Chemicals Limited,Basic Materials,2402760704.0
DIAMONDYD,Prataap Snacks Limited,Consumer Defensive,26511994880.0
DICIND,DIC India Limited,Basic Materials,4910752768.0
DIFFNKG,Diffusion Engineers Limited,Industrials,14187799552.0
DIGIDRIVE,Digidrive Distributors Limited,Consumer Cyclical,738989760.0
DIGISPICE,DiGiSPICE Technologies Limited,Financial Services,3984322304.0
DIGITIDE,Digitide Solutions Limited,Industrials,13112804352.0
DIGJAMLMTD,Digjam Limited,Consumer Cyclical,896800000.0
DISAQ,Disa India Limited,,
DISHTV,Dish TV India Limited,Communication Services,5781544448.0
DIVGIITTS,Divgi Torqtransfer Systems Limited,Consumer Cyclical,26302846976.0
DIVISLAB,Divi's Laboratories Limited,Healthcare,1823636324352.0
DIXON,Dixon Technologies (India) Limited,Technology,746039214080.0
DJML,DJ Mediaprint & Logistics Limited,Industrials,4067813888.0
DLF,DLF Limited,Real Estate,1562911834112.0
DLINKINDIA,D-Link (India) Limited,Technology,18524653568.0
DMART,Avenue Supermarts Limited,Consumer Defensive,2841378816000.0
DMCC,DMCC SPECIALITY CHEMICALS LIMITED,Basic Materials,6342224896.0
DNAMEDIA,Diligent Media Corporation Limited,Communication Services,338999104.0
DODLA,Dodla Dairy Limited,Consumer Defensive,68466032640.0
DOLATALGO,Dolat Algotech Limited,Financial Services,13472800768.0
DOLLAR,Dollar Industries Limited,Consumer Cyclical,14590222336.0
DOLPHIN,Dolphin Offshore Enterprises (India) Limited,Energy,15521776640.0
DOMS,DOMS Industries Limited,Industrials,140080807936.0
DONEAR,Donear Industries Limited,Consumer Cyclical,4738759680.0
DPABHUSHAN,D. P. Abhushan Limited,Consumer Cyclical,21171755008.0
DPSCLTD,DPSC Limited,Utilities,7556608000.0
DPWIRES,D P Wires Limited,Industrials,2959650304.0
DRAGARWQ,Dr Agarwals Eye Hospital Limited,,
DRCSYSTEMS,DRC Systems India Limited,Technology,2089179264.0
DREAMFOLKS,Dreamfolks Services Limited,Industrials,3771506432.0
DREDGECORP,Dredging Corporation of India Limited,Industrials,34042400768.0
DRREDDY,Dr. Reddy's Laboratories Limited,Healthcare,1103507488768.0
DSFCL,DCM Shriram Fine Chemicals Limited,Basic Materials,2086942464.0
DSSL,Dynacons Systems & Solutions Limited,Technology,18100664320.0
DTIL,Dhunseri Tea & Industries Limited,Consumer Defensive,1471039744.0
DUCON,Ducon Infratechnologies Limited,Industrials,1150236672.0
DVL,Dhunseri Ventures Limited,Financial Services,8517669376.0
DWARKESH,Dwarikesh Sugar Industries Limited,Consumer Defensive,8034672128.0
DYCL,Dynamic Cables Limited,Industrials,17852162048.0
DYNAMATECH,Dynamatic Technologies Limited,Consumer Cyclical,74719453184.0
DYNPRO,Dynemic Products Limited,Basic Materials,2898921216.0
E2E,E2E Networks Limited,Technology,92877537280.0
EASEMYTRIP,Easy Trip Planners Limited,Consumer Cyclical,28622034944.0
EASTSILK,Eastern Silk Industries Limited,Consumer Cyclical,271249984.0
EBGNG,GNG Electronics Limited,Technology,60790943744.0
ECLERX,eClerx Services Limited,Technology,133168693248.0
ECOSMOBLTY,Ecos (India) Mobility & Hospitality Limited,Industrials,8249999872.0
EDELWEISS,Edelweiss Financial Services Limited,Financial Services,124525699072.0
EFCIL,EFC (I) Limited,Real Estate,28889446400.0
EICHERMOT,Eicher Motors Limited,Consumer Cyclical,2100180680704.0
EIDPARRY,EID Parry India Limited,Basic Materials,126846820352.0
EIEL,Enviro Infra Engineers Limited,Industrials,40059457536.0
EIFFL,Euro India Fresh Foods Limited,Consumer Defensive,8531200000.0
EIHAHOTELS,EIH Associated Hotels Limited,Consumer Cyclical,19792107520.0
EIHOTEL,EIH Limited,Consumer Cyclical,204806766592.0
EIMCOELECO,Eimco Elecon (India) Limited,Industrials,10216963072.0
EKC,Everest Kanto Cylinder Limited,Industrials,13896921088.0
ELANTAS,Elantas Beck India Limited,Basic Materials,85733916672.0
ELCIDIN,EL CID Investments Limited,,
ELDEHSG,Eldeco Housing And Industries Limited,Real Estate,7993737216.0
ELECON,Elecon Engineering Company Limited,Industrials,123419967488.0
ELECTCAST,Electrosteel Castings Limited,Industrials,52384960512.0
ELECTHERM,Electrotherm (India) Limited,Basic Materials,14131780608.0
ELGIEQUIP,Elgi Equipments Limited,Industrials,195418193920.0
ELGIRUBCO,Elgi Rubber Company Limited,Consumer Cyclical,2486984448.0
ELIN,Elin Electronics Limited,Industrials,5383011328.0
ELITECON,Elitecon International Limited,,
ELLEN,Ellenbarrie Industrial Gases Limited,Basic Materials,40230068224.0
ELPROINTL,Elpro International Limited,,29065672704.0
EMAMILTD,Emami Limited,Consumer Defensive,178135646208.0
EMAMIPAP,Emami Paper Mills Limited,Basic Materials,5282777088.0
EMAMIREAL,Emami Realty Limited,Real Estate,4688253440.0
EMBDL,Embassy Developments Limited,Real Estate,86043066368.0
EMCURE,Emcure Pharmaceuticals Limited,Healthcare,358135070720.0
EMIL,Electronics Mart India Limited,Consumer Cyclical,46862401536.0
EMKAY,Emkay Global Financial Services Limited,Financial Services,7982513152.0
EMMBI,Emmbi Industries Limited,Consumer Cyclical,2041198080.0
EMMVEE,Emmvee Photovoltaic Power Limited,Technology,228854644736.0
EMPOWER,Empower India Limited,,
EMSLIMITED,EMS Limited,Industrials,24580712448.0
EMUDHRA,eMudhra Limited,Technology,37358522368.0
ENDURANCE,Endurance Technologies Limited,Consumer Cyclical,377370279936.0
ENERGYDEV,Energy Development Company Limited,Utilities,784700032.0
ENGINERSIN,Engineers India Limited,Industrials,148278018048.0
ENIL,Entertainment Network (India) Limited,Communication Services,5264720896.0
ENRIN,Siemens Energy India Limited,Utilities,1372132343808.0
ENTERO,Entero Healthcare Solutions Limited,Healthcare,47582162944.0
EPACK,EPACK Durable Limited,Consumer Cyclical,23921436672.0
EPACKPEB,EPack Prefab Technologies Limited,Industrials,27131549696.0
EPIGRAL,Epigral Limited,Basic Materials,48952471552.0
EPL,EPL Limited,Consumer Cyclical,75457888256.0
EQUIPPP,Equippp Social Impact Technologies Limited,Technology,2216547328.0
EQUITASBNK,Equitas Small Finance Bank Limited,Financial Services,87952211968.0
ERIS,Eris Lifesciences Limited,Healthcare,203693883392.0
ESABINDIA,Esab India Limited,Industrials,88417509376.0
ESAFSFB,ESAF Small Finance Bank Limited,Financial Services,17970601984.0
ESCORTS,Escorts Kubota Limited,Industrials,325163941888.0
ESSARSHPNG,Essar Shipping Limited,Industrials,5057830400.0
ESSENTIA,Integra Essentia Limited,Consumer Defensive,2439843584.0
ESTER,Ester Industries Limited,Basic Materials,9718211584.0
ETERNAL,ETERNAL LIMITED,Consumer Cyclical,2441897836544.0
ETHOSLTD,Ethos Limited,Consumer Cyclical,65706192896.0
EUREKAFORB,Eureka Forbes Limited,Consumer Cyclical,92244705280.0
EUROBOND,Euro Panel Products Limited,Industrials,4312000000.0
EUROPRATIK,Euro Pratik Sales Limited,Basic Materials,28615999488.0
EUROTEXIND,Eurotex Industries and Exports Limited,Real Estate,210438656.0
EVEREADY,Eveready Industries India Limited,Industrials,26999685120.0
EVERESTIND,Everest Industries Limited,Industrials,6404139008.0
EXCELINDUS,Excel Industries Limited,Basic Materials,11620976640.0
EXCELSOFT,Excelsoft Technologies Limited,Technology,9202128896.0
EXICOM,Exicom Tele-Systems Limited,Industrials,23765952512.0
EXIDEIND,Exide Industries Limited,Consumer Cyclical,326102482944.0
EXPLEOSOL,Expleo Solutions Limited,Technology,12694370304.0
EXXARO,Exxaro Tiles Limited,Industrials,3243727360.0
FABTECH,Fabtech Technologies Limited,Healthcare,7021002240.0
FACT,Fertilizers and Chemicals Travancore Limited,Basic Materials,588673777664.0
FAIRCHEMOR,Fairchem Organics Limited,Basic Materials,7941715968.0
FAZE3Q,Faze Three Limited,Consumer Cyclical,14054077440.0
FCL,Fineotex Chemical Limited,Basic Materials,54289027072.0
FCSSOFT,FCS Software Solutions Limited,Technology,2701094144.0
FDC,FDC Limited,Healthcare,68054614016.0
FEDDERSHOL,Fedders Holding Limited,,
FEDERALBNK,The Federal Bank  Limited,Financial Services,796813688832.0
FEDFINA,Fedbank Financial Services Limited,Financial Services,57874251776.0
FERMENTA,Fermenta Biotech Limited,,
FIBERWEB,Fiberweb (India) Limited,Consumer Cyclical,856553344.0
FIEMIND,Fiem Industries Limited,Consumer Cyclical,60166742016.0
FILATEX,Filatex India Limited,Consumer Cyclical,24343279616.0
FILATFASH,Filatex Fashions Limited,Consumer Cyclical,1666814592.0
FINCABLES,Finolex Cables Limited,Industrials,179642548224.0
FINEORG,Fine Organic Industries Limited,Basic Materials,162037972992.0
FINKURVE,Finkurve Financial Services Limited,Financial Services,9933405184.0
FINOPB,Fino Payments Bank Limited,Financial Services,12907173888.0
FINPIPE,Finolex Industries Limited,Industrials,114233499648.0
FIRSTCRY,Brainbees Solutions Limited,Consumer Cyclical,107642978304.0
FISCHER,Fischer Medical Ventures Limited,Healthcare,23006220288.0
FIVESTAR,Five-Star Business Finance Limited,Financial Services,146689589248.0
FLAIR,Flair Writing Industries Limited,Industrials,29695148032.0
FLEXITUFF,Flexituff Ventures International Limited,Consumer Cyclical,222866848.0
FLUOROCHEM,Gujarat Fluorochemicals Limited,Basic Materials,423471742976.0
FMGOETZE,Federal-Mogul Goetze (India) Limited.,Consumer Cyclical,26238892032.0
FMNL,Future Market Networks Limited,Real Estate,726380992.0
FOCUS,Focus Lighting and Fixtures Limited,Consumer Cyclical,6146285056.0
FOODSIN,Foods & Inns Limited,Consumer Defensive,4123650048.0
FORCEMOT,FORCE MOTORS LTD,Consumer Cyclical,242627690496.0
FORTIS,Fortis Healthcare Limited,Healthcare,742425886720.0
FOSECOIND,Foseco India Limited,Basic Materials,39479058432.0
FRACTAL,Fractal Analytics Limited,Technology,163968745472.0
FRONTSP,Frontier Springs Limited,,
FSL,Firstsource Solutions Limited,Technology,168490614784.0
FUSION,Fusion Finance Limited,Financial Services,29256103936.0
GABRIEL,Gabriel India Limited,Consumer Cyclical,217815695360.0
GAEL,Gujarat Ambuja Exports Limited,Consumer Defensive,74171637760.0
GAIL,GAIL (India) Limited,Utilities,1152216989696.0
GALAPREC,Gala Precision Engineering Limited,Industrials,14402845696.0
GALAXYSURF,Galaxy Surfactants Limited,Basic Materials,68782219264.0
GALLANTT,Gallantt Ispat Limited,Basic Materials,179886997504.0
GANDHAR,Gandhar Oil Refinery (India) Limited,Energy,17751431168.0
GANDHITUBE,Gandhi Special Tubes Limited,Industrials,10378415104.0
GANECOS,Ganesha Ecosphere Limited,Consumer Cyclical,24399618048.0
GANESHBE,Ganesh Benzoplast Limited,Basic Materials,7923155968.0
GANESHCP,Ganesh Consumer Products Limited,Consumer Defensive,8243431936.0
GANESHHOU,GANESH HOUSING LIMITED,Real Estate,64520761344.0
GANGAFORGE,Ganga Forging Limited,Industrials,353181824.0
GANGESSECU,Ganges Securities Limited,Consumer Defensive,1244258560.0
GARFIBRES,Garware Technical Fibres Limited,Consumer Cyclical,74388504576.0
GARUDA,Garuda Construction and Engineering Limited,Industrials,17407178752.0
GATECH,GACM Technologies Limited,Financial Services,672052224.0
GATECHDVR,GACM Technologies Limited,Financial Services,620355904.0
GATEWAY,Gateway Distriparks Limited,Industrials,31002900480.0
GAUDIUMIVF,Gaudium IVF and Women Health Limited,Healthcare,8071336960.0
GAYAHWS,Gayatri Highways Limited,Industrials,534423744.0
GAYAPROJ,Gayatri Projects Limited,Industrials,11166391296.0
GCSL,Gretex Corporate Services Limited,Financial Services,9765482496.0
GEECEE,GeeCee Ventures Limited,Real Estate,7451894272.0
GEEKAYWIRE,Geekay Wires Limited,Industrials,2704977408.0
GEMAROMA,Gem Aromatics Limited,Basic Materials,9483652096.0
GENCON,Generic Engineering Construction and Projects Limited,Industrials,2367777280.0
GENESYS,Genesys International Corporation Limited,Technology,15184533504.0
GENUSPAPER,Genus Paper & Boards Limited,Basic Materials,3260356864.0
GENUSPOWER,Genus Power Infrastructures Limited,Industrials,92895690752.0
GEOJITFSL,Geojit Financial Services Limited,Financial Services,22131593216.0
GESHIP,The Great Eastern Shipping Company Limited,Industrials,214678978560.0
GFLLIMITED,GFL Limited,Financial Services,5194806784.0
GHCL,GHCL Limited,Basic Materials,40350662656.0
GHCLTEXTIL,GHCL Textiles Limited,Consumer Cyclical,9194396672.0
GICHSGFIN,GIC Housing Finance Limited,Financial Services,9024900096.0
GICL,Globe International Carriers Limited,Industrials,2508902400.0
GICRE,General Insurance Corporation of India,Financial Services,654303494144.0
GILLANDERS,Gillanders Arbuthnot & Company Limited,Consumer Defensive,1993375104.0
GILLETTE,Gillette India Limited,Consumer Defensive,256331595776.0
GINNIFILA,Ginni Filaments Limited,Consumer Cyclical,3885943296.0
GIPCL,Gujarat Industries Power Company Limited,Utilities,25458518016.0
GKENERGY,GK Energy Limited,Utilities,30491547648.0
GKSL,Gujarat Kidney And Super Speciality Limited,Healthcare,10217295872.0
GKWLIMITED,GKW Limited,Industrials,10978360320.0
GLAND,Gland Pharma Limited,Healthcare,369773641728.0
GLAXO,GlaxoSmithKline Pharmaceuticals Limited,Healthcare,403779289088.0
GLENMARK,Glenmark Pharmaceuticals Limited,Healthcare,627699220480.0
GLFL,Gujarat Lease Financing Limited,Financial Services,184455232.0
GLOBAL,Global Education Limited,Consumer Defensive,5570660352.0
GLOBALE,Globale Tessile Limited,Consumer Cyclical,138063568.0
GLOBALVECT,Global Vectra Helicorp Limited,Industrials,2293200128.0
GLOBE,GLOBE ENTERPRISES (INDIA) LIMITED,Consumer Cyclical,1017946432.0
GLOBECIVIL,Globe Civil Projects Limited,Industrials,2686757888.0
GLOBUSSPR,Globus Spirits Limited,Consumer Defensive,25842876416.0
GLOSTERLTD,Gloster Limited,Consumer Cyclical,7814581760.0
GLOTTIS,Glottis Limited,Industrials,6191001088.0
GMBREW,GM Breweries Limited,Consumer Defensive,20955199488.0
GMDCLTD,Gujarat Mineral Development Corporation Limited,Energy,194107211776.0
GMMPFAUDLR,GMM Pfaudler Limited,Industrials,36801982464.0
GMRAIRPORT,GMR AIRPORTS LIMITED,Industrials,1148499787776.0
GMRP&UI,GMR Power and Urban Infra Limited,Energy,79257665536.0
GNA,GNA Axles Limited,Consumer Cyclical,18056693760.0
GNFC,Gujarat Narmada Valley Fertilizers and Chemicals Limited,Basic Materials,84270481408.0
GNRL,Gujarat Natural Resources Limited,,
GOACARBON,Goa Carbon Limited,Basic Materials,3774808832.0
GOCLCORP,GOCL Corporation Limited,Basic Materials,21829244928.0
GOCOLORS,Go Fashion (India) Limited,Consumer Cyclical,19505221632.0
GODAVARIB,Godavari Biorefineries Limited,Basic Materials,15214616576.0
GODFRYPHLP,Godfrey Phillips India Limited,Consumer Defensive,359381991424.0
GODIGIT,Go Digit General Insurance Limited,Financial Services,289995096064.0
GODREJAGRO,Godrej Agrovet Limited,Consumer Defensive,110164557824.0
GODREJCP,Godrej Consumer Products Limited,Consumer Defensive,1045039677440.0
GODREJIND,Godrej Industries Limited,Industrials,379343306752.0
GODREJPROP,Godrej Properties Limited,Real Estate,547628777472.0
GOKEX,Gokaldas Exports Limited,Consumer Cyclical,60494708736.0
GOKUL,Gokul Refoils and Solvent Limited,Consumer Defensive,4232036352.0
GOKULAGRO,Gokul Agro Resources Limited,Consumer Defensive,65284988928.0
GOLDIAM,Goldiam International Limited,Consumer Cyclical,53517410304.0
GOLDTECH,AION-TECH SOLUTIONS LIMITED,Technology,2304422656.0
GOODLUCK,Goodluck India Limited,Basic Materials,48428507136.0
GOODYEAR,Goodyear India Limited,Consumer Cyclical,17715077120.0
GOPAL,Gopal Snacks Limited,Consumer Defensive,35467710464.0
GOYALALUM,Goyal Aluminiums Limited,Basic Materials,1013402752.0
GPIL,Godawari Power And Ispat limited,Basic Materials,178458869760.0
GPPL,Gujarat Pipavav Port Limited,Industrials,75992129536.0
GPTHEALTH,GPT Healthcare Limited,Healthcare,12342686720.0
GPTINFRA,GPT Infraprojects Limited,Industrials,17846472704.0
GRADIENTE,Gradiente Infotainment Limited,Communication Services,897480000.0
GRANDOAK,Grand Oak Canyons Distillery Limited,,
GRANULES,Granules India Limited,Healthcare,197494145024.0
GRAPHITE,Graphite India Limited,Industrials,122520035328.0
GRASIM,Grasim Industries Limited,Basic Materials,2152045740032.0
GRAUWEIL,Grauer & Weil India Limited,Basic Materials,34477408256.0
GRAVISSHO,Graviss Hospitality Limited,,
GRAVITA,Gravita India Limited,Industrials,125534420992.0
GREAVESCOT,Greaves Cotton Limited,Industrials,49190027264.0
GREENLAM,Greenlam Industries Limited,Consumer Cyclical,66670088192.0
GREENPANEL,Greenpanel Industries Limited,Basic Materials,23190065152.0
GREENPLY,Greenply Industries Limited,Basic Materials,37245792256.0
GREENPOWER,Orient Green Power Company Limited,Utilities,13020652544.0
GRINDWELL,Grindwell Norton Limited,Industrials,240162766848.0
GRINFRA,G R Infraprojects Limited,Industrials,93185228800.0
GRMOVER,GRM Overseas Limited,Consumer Defensive,19449135104.0
GROBTEA,The Grob Tea Company Limited,Consumer Defensive,1208125824.0
GROWW,Billionbrains Garage Ventures Limited,Financial Services,1206738354176.0
GRPLTD,GRP Limited,Consumer Cyclical,10133330944.0
GRSE,Garden Reach Shipbuilders & Engineers Limited,Industrials,323953065984.0
GRWRHITECH,Garware Hi-Tech Films Limited,Basic Materials,163881304064.0
GSFC,Gujarat State Fertilizers & Chemicals Limited,Basic Materials,66326585344.0
GSLSU,Global Surfaces Limited,Basic Materials,1875395328.0
GSPCROP,GSP Crop Science Limited,Basic Materials,20538028032.0
GSS,GSS Infotech Limited,Technology,347102048.0
GTECJAINX,G-TEC JAINX EDUCATION LIMITED,Consumer Defensive,271233792.0
GTL,GTL Limited,Communication Services,1289833600.0
GTLINFRA,GTL Infrastructure Limited,Technology,19213668352.0
GTPL,GTPL Hathway Limited,Communication Services,7130157056.0
GUFICBIO,Gufic Biosciences Limited,Healthcare,36758552576.0
GUJALKALI,Gujarat Alkalies and Chemicals Limited,Basic Materials,47767052288.0
GUJAPOLLO,Gujarat Apollo Industries Limited,Industrials,4902660096.0
GUJGASLTD,Gujarat Gas Limited,Utilities,349819371520.0
GUJRAFFIA,Gujarat Raffia Industries Limited,,
GUJTHEM,Gujarat Themis Biosyn Limited,Healthcare,43894296576.0
GULFOILLUB,Gulf Oil Lubricants India Limited,Basic Materials,52552155136.0
GULFPETRO,GP Petroleums Limited,Energy,2039375360.0
GULPOLY,Gulshan Polyols Limited,Basic Materials,12977680384.0
GVKPIL,GVK Power & Infrastructure Limited,Utilities,4327036416.0
GVPIL,GE Power India Limited,Industrials,70941786112.0
GVPTECH,GVP Infotech Limited,Technology,1233293312.0
GVT&D,GE Vernova T&D India Limited,Industrials,1429763784704.0
HAL,Hindustan Aeronautics Limited,Industrials,3007748505600.0
HALDER,Halder Venture Limited,Consumer Defensive,2980550400.0
HALDYNGL,Haldyn Glass Limited,,
HALEOSLABS,HALEOS LABS LIMITED,Healthcare,4232601856.0
HAPPSTMNDS,Happiest Minds Technologies Limited,Technology,52140892160.0
HAPPYFORGE,Happy Forgings Limited,Industrials,147919798272.0
HARDWYN,Hardwyn India Limited,Industrials,12284115968.0
HARIOMPIPE,Hariom Pipe Industries Limited,Basic Materials,12990777344.0
HARRMALAYA,Harrisons  Malayalam Limited,Consumer Defensive,3919927808.0
HARSHA,Harsha Engineers International Limited,Industrials,39763513344.0
HATHWAY,Hathway Cable & Datacom Limited,Communication Services,21506768896.0
HATSUN,Hatsun Agro Product Limited,Consumer Defensive,204783616000.0
HAVELLS,Havells India Limited,Industrials,744052031488.0
HAVISHA,Sri Havisha Hospitality and Infrastructure Limited,Consumer Cyclical,194990480.0
HAWKINCOOK,Hawkins Cookers Limited,Consumer Cyclical,
HBESD,HB Estate Developers Limited,,
HBLENGINE,HBL Engineering Limited,Industrials,230085656576.0
HBSL,HB Stockholdings Limited,Financial Services,388288992.0
HCC,Hindustan Construction Company Limited,Industrials,72559263744.0
HCG,Healthcare Global Enterprises Limited,Healthcare,92328493056.0
HCL-INSYS,HCL Infosystems Limited,Technology,4101955584.0
HCLTECH,HCL Technologies Limited,Technology,3011247865856.0
HDBFS,HDB Financial Services Limited,Financial Services,606863818752.0
HDFCAMC,HDFC Asset Management Company Limited,Financial Services,1154148859904.0
HDFCBANK,HDFC Bank Limited,Financial Services,12161164247040.0
HDFCLIFE,HDFC Life Insurance Company Limited,Financial Services,1300989214720.0
HEADSUP,Heads UP Ventures Limited,Consumer Cyclical,156786512.0
HEALTHX,Health X Platform Limited,Healthcare,10120510464.0
HECPROJECT,HEC Infra Projects Limited,Industrials,1511706496.0
HEG,HEG Limited,Industrials,102403530752.0
HEIDELBERG,HeidelbergCement India Limited,Basic Materials,35145986048.0
HEMIPROP,Hemisphere Properties India Limited,Real Estate,39686512640.0
HERANBA,Heranba Industries Limited,Basic Materials,7815430656.0
HERITGFOOD,Heritage Foods Limited,Consumer Defensive,30873229312.0
HEROMOTOCO,Hero MotoCorp Limited,Consumer Cyclical,997783502848.0
HESTERBIO,Hester Biosciences Limited,Healthcare,18332293120.0
HEXAGON,Hexagon Nutrition Limited,Consumer Defensive,
HEXATRADEX,Hexa Tradex Limited,Financial Services,9005438976.0
HEXT,Hexaware Technologies Limited,Technology,301681278976.0
HFCL,HFCL Limited,Technology,314928267264.0
HGINFRA,H.G. Infra Engineering Limited,Industrials,38007791616.0
HGM,HandsOn Global Management (HGM) Limited,Technology,673956928.0
HGS,Hinduja Global Solutions Limited,Industrials,20103741440.0
HIKAL,Hikal Limited,Healthcare,27537989632.0
HILINFRA,Highway Infrastructure Limited,Industrials,3434701056.0
HILTON,Hilton Metal Forging Limited,Industrials,1302103680.0
HIMATSEIDE,Himatsingka Seide Limited,Consumer Cyclical,10955925504.0
HINDALCO,Hindalco Industries Limited,Basic Materials,2216698576896.0
HINDCOMPOS,Hindustan Composites Limited,Consumer Cyclical,6257625600.0
HINDCON,Hindcon Chemicals Limited,Basic Materials,1090360192.0
HINDCOPPER,Hindustan Copper Limited,Basic Materials,490281172992.0
HINDOILEXP,Hindustan Oil Exploration Company Limited,Energy,21783113728.0
HINDPETRO,Hindustan Petroleum Corporation Limited,Energy,844532744192.0
HINDUNILVR,Hindustan Unilever Limited,Consumer Defensive,5112710823936.0
HINDWAREAP,Hindware Home Innovation Limited,Consumer Cyclical,20875622400.0
HINDZINC,Hindustan Zinc Limited,Basic Materials,2350544846848.0
HIRECT,Hind Rectifiers Limited,Industrials,39562448896.0
HISARMETAL,Hisar Metal Industries Limited,Basic Materials,863459968.0
HITECH,Hi-Tech Pipes Limited,Basic Materials,19255445504.0
HITECHCORP,Hitech Corporation Limited,Consumer Cyclical,5341642752.0
HITECHGEAR,The Hi-Tech Gears Limited,Consumer Cyclical,10911857664.0
HLEGLAS,HLE Glascoat Limited,Industrials,27260983296.0
HLVLTD,HLV LIMITED,Consumer Cyclical,5267486720.0
HMAAGRO,HMA Agro Industries Limited,Consumer Defensive,10961849344.0
HMVL,Hindustan Media Ventures Limited,Communication Services,6427401216.0
HNDFDS,Hindustan Foods Limited,Industrials,66154835968.0
HOMEFIRST,Home First Finance Company India Limited,Financial Services,119984504832.0
HONASA,Honasa Consumer Limited,Consumer Defensive,136604147712.0
HONAUT,Honeywell Automation India Limited,Industrials,342304325632.0
HONDAPOWER,Honda India Power Products Limited,Industrials,23305734144.0
HPAL,HP Adhesives Limited,Basic Materials,3362615296.0
HPIL,Hindprakash Industries Limited,Basic Materials,1530716544.0
HPL,HPL Electric & Power Limited,Industrials,25543368704.0
HSCL,Himadri Speciality Chemical Limited,Basic Materials,329087254528.0
HTMEDIA,HT Media Limited,Communication Services,5315734528.0
HUBTOWN,Hubtown Limited,Real Estate,29416255488.0
HUDCO,Housing & Urban Development Corporation Limited,Financial Services,424222654464.0
HUHTAMAKI,Huhtamaki India Limited,Consumer Cyclical,14743392256.0
HYBRIDFIN,Hybrid Financial Services Limited,Financial Services,708825536.0
HYUNDAI,Hyundai Motor India Limited,Consumer Cyclical,1608587673600.0
IBULLSLTD,Indiabulls Limited,Real Estate,60216766464.0
ICDSLTD,ICDS Limited,Real Estate,548424064.0
ICEMAKE,Ice Make Refrigeration Limited,Industrials,11987865600.0
ICICIAMC,ICICI Prudential Asset Management Company Limited,Financial Services,1692538896384.0
ICICIBANK,ICICI Bank Limited,Financial Services,9768984903680.0
ICICIGI,ICICI Lombard General Insurance Company Limited,Financial Services,929608433664.0
ICICIPRULI,ICICI Prudential Life Insurance Company Limited,Financial Services,741765808128.0
ICIL,Indo Count Industries Limited,Consumer Cyclical,77597687808.0
ICRA,ICRA Limited,Financial Services,50568560640.0
IDBI,IDBI Bank Limited,Financial Services,932985896960.0
IDEA,Vodafone Idea Limited,Communication Services,1609977430016.0
IDEAFORGE,Ideaforge Technology Limited,Technology,38318923776.0
IDFCFIRSTB,IDFC First Bank Limited,Financial Services,685095976960.0
IEX,Indian Energy Exchange Limited,Financial Services,112683237376.0
IFBAGRO,IFB Agro Industries Limited,Consumer Defensive,8542804992.0
IFBIND,IFB Industries Limited,Consumer Cyclical,51552067584.0
IFCI,IFCI Limited,Financial Services,223143100416.0
IFGLEXPOR,IFGL Refractories Limited,Basic Materials,13983253504.0
IGARASHI,Igarashi Motors India Limited,Consumer Cyclical,15396019200.0
IGCL,Indogulf Cropsciences Limited,Basic Materials,3930003456.0
IGIL,International Gemological Institute Limited,Basic Materials,155577483264.0
IGL,Indraprastha Gas Limited,Utilities,237762265088.0
IGPL,IG Petrochemicals Limited,Basic Materials,13910034432.0
IIFL,IIFL Finance Limited,Financial Services,229623087104.0
IIFLCAPS,IIFL Capital Services Limited,Financial Services,107635220480.0
IITL,Industrial Investment Trust Limited,Financial Services,2955758336.0
IKIO,IKIO Technologies Limited,Technology,12619938816.0
IKS,Inventurus Knowledge Solutions Limited,Healthcare,288024133632.0
IMAGICAA,Imagicaaworld Entertainment Limited,Communication Services,26935003136.0
IMFA,Indian Metals & Ferro Alloys Limited,Basic Materials,76469157888.0
IMPAL,India Motor Parts and Accessories Limited,Consumer Cyclical,14007552000.0
INA,Insolation Energy Limited,Technology,26462742528.0
INCREDIBLE,INCREDIBLE INDUSTRIES LIMITED,Basic Materials,1626910976.0
INDBANK,Indbank Merchant Banking Services Limited,Financial Services,1526610176.0
INDGN,Indegene Limited,Healthcare,130372034560.0
INDHOTEL,The Indian Hotels Company Limited,Consumer Cyclical,1033340649472.0
INDIACEM,The India Cements Limited,Basic Materials,176827121664.0
INDIAGLYCO,India Glycols Limited,Basic Materials,64412721152.0
INDIAMART,Indiamart Intermesh Limited,Communication Services,121654484992.0
INDIANB,Indian Bank,Financial Services,1158927876096.0
INDIANCARD,Indian Card Clothing Company Limited,Consumer Cyclical,1307046400.0
INDIANHUME,Indian Hume Pipe Company Limited,Industrials,17379715072.0
INDIASHLTR,India Shelter Finance Corporation Limited,Financial Services,84765351936.0
INDIGO,InterGlobe Aviation Limited,Industrials,1942258057216.0
INDIGOPNTS,Indigo Paints Limited,Basic Materials,48598188032.0
INDIQUBE,Indiqube Spaces Limited,Real Estate,36569591808.0
INDNIPPON,India Nippon Electricals Limited,Consumer Cyclical,21131804672.0
INDOAMIN,Indo Amines Limited,Basic Materials,10162983936.0
INDOBORAX,Indo Borax & Chemicals Limited,Basic Materials,11995241472.0
INDOCO,Indoco Remedies Limited,Healthcare,22167775232.0
INDOFARM,Indo Farm Equipment Limited,Industrials,7277414912.0
INDORAMA,Indo Rama Synthetics (India) Limited,Consumer Cyclical,12073872384.0
INDOSTAR,IndoStar Capital Finance Limited,Financial Services,39547932672.0
INDOTECH,Indo Tech Transformers Limited,Industrials,29810339840.0
INDOTHAI,Indo Thai Securities Limited,Financial Services,29350670336.0
INDOUS,Indo Us Biotech Limited,Basic Materials,1828541952.0
INDOWIND,Indowind Energy Limited,Utilities,1474779904.0
INDPRUD,Industrial & Prudential Investment Company Limited,,
INDRAMEDCO,Indraprastha Medical Corporation Limited,Healthcare,37402583040.0
INDSWFTLAB,Ind-Swift Laboratories Limited,Healthcare,17354919936.0
INDTERRAIN,Indian Terrain Fashions Limited,Consumer Cyclical,1708503680.0
INDUSINDBK,IndusInd Bank Limited,Financial Services,714698457088.0
INDUSTOWER,Indus Towers Limited,Communication Services,1081907150848.0
INFOBEAN,InfoBeans Technologies Limited,Technology,15092706304.0
INFOMEDIA,Infomedia Press Limited,Financial Services,300161152.0
INFY,Infosys Limited,Technology,4193879851008.0
INGERRAND,Ingersoll Rand (India) Limited,Industrials,147845562368.0
INNOVACAP,Innova Captab Limited,Healthcare,54246371328.0
INNOVANA,Innovana Thinklabs Limited,Technology,6500668928.0
INNOVISION,Innovision Limited,Industrials,7058259968.0
INOXGREEN,Inox Green Energy Services Limited,Utilities,81904377856.0
INOXINDIA,INOX India Limited,Industrials,186319323136.0
INOXWIND,Inox Wind Limited,Industrials,159948423168.0
INSECTICID,Insecticides (India) Limited,Basic Materials,20109514752.0
INSPIRISYS,Inspirisys Solutions Limited,Technology,4357855744.0
INTELLECT,Intellect Design Arena Limited,Technology,103777533952.0
INTENTECH,Intense Technologies Limited,Technology,2422053632.0
INTERARCH,Interarch Building Solutions Limited,Industrials,31697125376.0
INTLCONV,International Conveyors Limited,Industrials,5355690496.0
INVENTURE,Inventure Growth & Securities Limited,Financial Services,1018500032.0
INVPRECQ,Investment & Precision Castings Limited,,
IOB,Indian Overseas Bank,Financial Services,676098867200.0
IOC,Indian Oil Corporation Limited,Energy,2048991821824.0
IOLCP,IOL Chemicals and Pharmaceuticals Limited,Healthcare,39282790400.0
IONEXCHANG,ION Exchange (India) Limited,Industrials,48926318592.0
IPCALAB,IPCA Laboratories Limited,Healthcare,412675276800.0
IPL,India Pesticides Limited,Basic Materials,19525971968.0
IRB,IRB Infrastructure Developers Limited,Industrials,263421181952.0
IRCON,Ircon International Limited,Industrials,130261426176.0
IRCTC,Indian Railway Catering And Tourism Corporation Limited,Consumer Cyclical,416639975424.0
IREDA,Indian Renewable Energy Development Agency Limited,Financial Services,365846200320.0
IRFC,Indian Railway Finance Corporation Limited,Financial Services,1309595009024.0
IRIS,IRIS RegTech Solutions Limited,Technology,5663467008.0
IRISDOREME,Iris Clothings Limited,Consumer Cyclical,6924423168.0
IRMENERGY,IRM Energy Limited,Utilities,11463862272.0
ISFT,Intrasoft Technologies Limited,Consumer Cyclical,1321572096.0
ISGEC,Isgec Heavy Engineering Limited,Industrials,70294216704.0
ISHANCH,Ishan Dyes and Chemicals Limited,Basic Materials,1629267200.0
ITC,ITC Limited,Consumer Defensive,3662363492352.0
ITCHOTELS,ITC Hotels Limited,Consumer Cyclical,378914209792.0
ITDC,India Tourism Development Corporation Limited,Consumer Cyclical,52803932160.0
ITI,ITI Limited,Technology,297713827840.0
IVALUE,Ivalue Infosolutions Limited,Technology,15405766656.0
IVC,IL&FS Investment Managers Limited,Financial Services,2697541376.0
IVP,IVP Limited,Basic Materials,1639810560.0
IWP,The Indian Wood Products Company Limited,,
IXIGO,Le Travenues Technology Limited,Consumer Cyclical,86180937728.0
IZMO,IZMO Limited,Technology,15343373312.0
J&KBANK,The Jammu & Kashmir Bank Limited,Financial Services,178776981504.0
JAGRAN,Jagran Prakashan Limited,Communication Services,14326003712.0
JAGSNPHARM,Jagsonpal Pharmaceuticals Limited,Healthcare,14918976512.0
JAIBALAJI,Jai Balaji Industries Limited,Basic Materials,66192961536.0
JAICORPLTD,Jai Corp Limited,Basic Materials,21392304128.0
JAINREC,Jain Resource Recycling Limited,Basic Materials,129735016448.0
JAIPURKURT,Nandani Creation Limited,Consumer Cyclical,483324960.0
JAMNAAUTO,Jamna Auto Industries Limited,Consumer Cyclical,53897994240.0
JARO,Jaro Institute of Technology Management and Research Limited,Consumer Defensive,11714224128.0
JASH,Jash Engineering Limited,Industrials,35484778496.0
JAYAGROGN,Jayant Agro Organics Limited,Basic Materials,6447300096.0
JAYBARMARU,Jay Bharat Maruti Limited,Consumer Cyclical,18235795456.0
JAYKAY,Jaykay Enterprises Limited,Industrials,24211245056.0
JAYNECOIND,Jayaswal Neco Industries Limited,Basic Materials,84816699392.0
JAYSREETEA,Jayshree Tea & Industries Limited,Consumer Defensive,2628428800.0
JBCHEPHARM,JB Chemicals & Pharmaceuticals Limited,Healthcare,362621829120.0
JBMA,JBM Auto Limited,Consumer Cyclical,170074865664.0
JETFREIGHT,Jet Freight Logistics Limited,Industrials,1030628032.0
JGCHEM,J.G.Chemicals Limited,Basic Materials,17316321280.0
JHS,JHS Svendgaard Laboratories Limited,Consumer Defensive,690505600.0
JINDALPHOT,Jindal Photo Limited,Financial Services,11459020800.0
JINDALPOLY,Jindal Poly Films Limited,Consumer Cyclical,28526848000.0
JINDALSAW,Jindal Saw Limited,Basic Materials,162689024000.0
JINDALSTEL,JINDAL STEEL LIMITED,Basic Materials,1141214674944.0
JINDRILL,Jindal Drilling And Industries Limited,Energy,16780059648.0
JINDWORLD,Jindal Worldwide Limited,Consumer Cyclical,31291207680.0
JIOFIN,Jio Financial Services Limited,Financial Services,1609053503488.0
JISLDVREQS,Jain Irrigation Systems Limited,Industrials,19071266816.0
JISLJALEQS,Jain Irrigation Systems Limited,Industrials,27293917184.0
JITFINFRA,JITF Infralogistics Limited,Industrials,8157071360.0
JKCEMENT,JK Cement Limited,Basic Materials,422232326144.0
JKIL,J.Kumar Infraprojects Limited,Industrials,38816403456.0
JKIPL,Jinkushal Industries Limited,Industrials,4273513472.0
JKLAKSHMI,JK Lakshmi Cement Limited,Basic Materials,75349458944.0
JKPAPER,JK Paper Limited,Basic Materials,62845087744.0
JKTYRE,JK Tyre & Industries Limited,Consumer Cyclical,118703202304.0
JLHL,Jupiter Life Line Hospitals Limited,Healthcare,88959983616.0
JMA,Jullundur Motor Agency (Delhi) Limited,Consumer Cyclical,2124217984.0
JMFINANCIL,JM Financial Limited,Financial Services,122810253312.0
JNKINDIA,JNK India Limited,Industrials,27699986432.0
JOCIL,Jocil Limited,Basic Materials,1324623488.0
JPOLYINVST,Jindal Poly Investment and Finance Company Limited,Financial Services,11737619456.0
JPPOWER,Jaiprakash Power Ventures Limited,Utilities,125418291200.0
JSFB,Jana Small Finance Bank Limited,Financial Services,48567488512.0
JSL,Jindal Stainless Limited,Basic Materials,581090607104.0
JSLL,Jeena Sikho Lifecare Limited,Healthcare,73132326912.0
JSWCEMENT,JSW Cement Limited,Basic Materials,177179770880.0
JSWDULUX,JSW Dulux Limited,,148006010880.0
JSWENERGY,JSW Energy Limited,Utilities,1064522219520.0
JSWHL,JSW Holdings Limited,Industrials,138896949248.0
JSWINFRA,JSW Infrastructure Limited,Industrials,654636548096.0
JSWSTEEL,JSW Steel Limited,Basic Materials,3114495115264.0
JTEKTINDIA,Jtekt India Limited,Consumer Cyclical,37759262720.0
JTLIND,JTL INDUSTRIES LIMITED,Basic Materials,31249989632.0
JUBLCPL,Jubilant Agri and Consumer Products Limited,Basic Materials,28813979648.0
JUBLFOOD,Jubilant Foodworks Limited,Consumer Cyclical,287338004480.0
JUBLINGREA,Jubilant Ingrevia Limited,Basic Materials,103186046976.0
JUBLPHARMA,Jubilant Pharmova Limited,Healthcare,157674422272.0
JUNIPER,Juniper Hotels Limited,Consumer Cyclical,45693087744.0
JUSTDIAL,Just Dial Limited,Communication Services,46908792832.0
JWL,Jupiter Wagons Limited,Industrials,120518451200.0
JYOTHYLAB,Jyothy Labs Limited,Consumer Defensive,75003559936.0
JYOTICNC,Jyoti CNC Automation Limited,Industrials,172955271168.0
JYOTISTRUC,Jyoti Structures Limited,Industrials,14598460416.0
KABRAEXTRU,Kabra Extrusion Technik Limited,Industrials,8524978176.0
KAJARIACER,Kajaria Ceramics Limited,Industrials,185233670144.0
KAKATCEM,Kakatiya Cement Sugar & Industries Limited,Basic Materials,956184512.0
KALAMANDIR,Sai Silks (Kalamandir) Limited,Consumer Cyclical,16208496640.0
KALPATARU,Kalpataru Limited,Real Estate,66355785728.0
KALYANI,Kalyani Commercials Limited,Consumer Cyclical,138090000.0
KALYANIFRG,Kalyani Forge Limited,Consumer Cyclical,2265382656.0
KALYANKJIL,Kalyan Jewellers India Limited,Consumer Cyclical,394868228096.0
KAMAHOLD,Kama Holdings Limited,,
KAMATHOTEL,Kamat Hotels (I) Limited,Consumer Cyclical,5291673088.0
KAMDHENU,Kamdhenu Limited,Basic Materials,8188701184.0
KAMOPAINTS,Kamdhenu Ventures Limited,Basic Materials,1746989952.0
KANANIIND,Kanani Industries Limited,Consumer Cyclical,316588800.0
KANCHI,Kanchi Karpooram Limited,,
KANORICHEM,Kanoria Chemicals & Industries Limited,Basic Materials,5679696384.0
KANPRPLA,Kanpur Plastipack Limited,Consumer Cyclical,4586379264.0
KANSAINER,Kansai Nerolac Paints Limited,Basic Materials,175167569920.0
KAPSTON,Kapston Services Limited,Industrials,10512798720.0
KARMAENG,Karma Energy Limited,Utilities,475060864.0
KARURVYSYA,Karur Vysya Bank Limited,Financial Services,285104275456.0
KAUSHALYA,Kaushalya Infrastructure Development Corporation Limited,Industrials,290897024.0
KAVDEFENCE,Kavveri Defence & Wireless Technologies Limited,Technology,4149776128.0
KAYA,Kaya Limited,Consumer Defensive,3967762944.0
KAYNES,Kaynes Technology India Limited,Technology,218559791104.0
KCP,KCP Limited,Basic Materials,22677231616.0
KCPSUGIND,KCP Sugar and Industries Corporation Limited,Consumer Defensive,2516502016.0
KDDL,KDDL Limited,Consumer Cyclical,38484447232.0
KEC,KEC International Limited,Industrials,145544855552.0
KECL,Kirloskar Electric Company Limited,Industrials,7083060736.0
KEEPLEARN,DSJ Keep Learning Limited,Consumer Defensive,305195680.0
KEI,KEI Industries Limited,Industrials,540334555136.0
KELLTONTEC,Kellton Tech Solutions Limited,Technology,8438706176.0
KENNAMET,Kennametal India Limited,Industrials,68477599744.0
KERNEX,Kernex Microsystems (India) Limited,Technology,32620871680.0
KESORAMIND,Kesoram Industries Limited,Basic Materials,3668937728.0
KEYFINSERV,Keynote Financial Services Limited,Financial Services,1403070848.0
KFINTECH,Kfin Technologies Limited,Technology,155432534016.0
KHADIM,Khadim India Limited,Consumer Cyclical,1984865280.0
KHAICHEM,Khaitan Chemicals & Fertilizers Limited,Basic Materials,5575909376.0
KHAITANLTD,Khaitan (India) Limited,Industrials,672803008.0
KHANDSE,Khandwala Securities Limited,Financial Services,269839808.0
KICL,Kalyani Investment Company Limited,Financial Services,23854215168.0
KILITCH,Kilitch Drugs (India) Limited,Healthcare,6865402368.0
KIMS,Krishna Institute of Medical Sciences Limited,Healthcare,325072879616.0
KINGFA,Kingfa Science & Technology (India) Limited,Basic Materials,68630970368.0
KIOCL,KIOCL Limited,Basic Materials,245896101888.0
KIRANVYPAR,Kiran Vyapar Limited,,
KIRIINDUS,Kiri Industries Limited,Basic Materials,26213828608.0
KIRLFER,Kirloskar Ferrous Industries Limited,Industrials,81184497664.0
KIRLOSBROS,Kirloskar Brothers Limited,Industrials,165488214016.0
KIRLOSENG,Kirloskar Oil Engines Limited,Industrials,377566232576.0
KIRLOSIND,Kirloskar Industries Limited,Industrials,47649361920.0
KIRLPNU,Kirloskar Pneumatic Company Limited,Industrials,134226944000.0
KISSHT,OnEMI Technology Solutions Limited,Financial Services,48480989184.0
KITEX,Kitex Garments Limited,Consumer Cyclical,32676104192.0
KKCL,Kewal Kiran Clothing Limited,Consumer Cyclical,30630797312.0
KLBRENG-B,Kilburn Engineering Limited,,
KMEW,Knowledge Marine & Engineering Works Limited,Industrials,57820090368.0
KMSUGAR,K.M.Sugar Mills Limited,Consumer Defensive,2471124480.0
KNAGRI,KN Agri Resources Limited,Consumer Defensive,5279769600.0
KNRCON,KNR Constructions Limited,Industrials,39325032448.0
KOHINOOR,Kohinoor Foods Limited,Consumer Defensive,967566912.0
KOKUYOCMLN,Kokuyo Camlin Limited,Industrials,9220929536.0
KOLTEPATIL,Kolte - Patil Developers Limited,Real Estate,33250603008.0
KOPRAN,Kopran Limited,Healthcare,10007191552.0
KOTAKBANK,Kotak Mahindra Bank Limited,Financial Services,4008425553920.0
KOTARISUG,Kothari Sugars And Chemicals Limited,Consumer Defensive,2121947776.0
KOTHARIPET,Kothari Petrochemicals Limited,Basic Materials,7293423104.0
KOTHARIPRO,Kothari Products Limited,Industrials,4350041600.0
KOTIC,Kothari Industrial Corporation Limited,,
KOTYARK,Kotyark Industries Limited,Basic Materials,4716572672.0
KOVAI,Kovai Medical Center & Hospital Limited,Healthcare,66786095104.0
KPEL,K.P. Energy Limited,Industrials,23617466368.0
KPIGREEN,KPI Green Energy Limited,Utilities,79997845504.0
KPIL,Kalpataru Projects International Limited,Industrials,250386694144.0
KPITTECH,KPIT Technologies Limited,Technology,204714885120.0
KPL,Kwality Pharmaceuticals Limited,,
KPRMILL,K.P.R. Mill Limited,Consumer Cyclical,391263551488.0
KRBL,KRBL Limited,Consumer Defensive,90251280384.0
KREBSBIO,Krebs Biochemicals and Industries Limited,Healthcare,1385267712.0
KRIDHANINF,Kridhan Infra Limited,Basic Materials,298737632.0
KRISHANA,Krishana Phoschem Limited,Basic Materials,42410643456.0
KRISHIVAL,Krishival Foods Limited,Consumer Defensive,10366647296.0
KRISHNADEF,Krishna Defence And Allied Industries Limited,Industrials,19054198784.0
KRITI,Kriti Industries (India) Limited,Industrials,3815190528.0
KRITIKA,Kritika Wires Limited,Basic Materials,1579040384.0
KRITINUT,Kriti Nutrients Limited,Consumer Defensive,4348985856.0
KRN,KRN Heat Exchanger and Refrigeration Limited,Technology,79217860608.0
KRONOX,Kronox Lab Sciences Limited,Basic Materials,5546677248.0
KROSS,Kross Limited,Consumer Cyclical,12627720192.0
KRSNAA,Krsnaa Diagnostics Limited,Healthcare,17641771008.0
KRYSTAL,Krystal Integrated Services Limited,Industrials,8485864960.0
KSB,Ksb Limited,Industrials,167251689472.0
KSCL,Kaveri Seed Company Limited,Basic Materials,48539865088.0
KSHINTL,KSH International Limited,Industrials,57870139392.0
KSHITIJPOL,Kshitij Polyline Limited,Industrials,428092288.0
KSL,Kalyani Steels Limited,Basic Materials,36181835776.0
KSOLVES,Ksolves India Limited,Technology,6902636544.0
KSR,KSR Footwear Limited,Consumer Cyclical,624681216.0
KTKBANK,The Karnataka Bank Limited,Financial Services,103338115072.0
KUANTUM,Kuantum Papers Limited,Basic Materials,6632908800.0
KWIL,Kwality Wall's (India) Limited,Consumer Defensive,85055209472.0
LAGNAM,Lagnam Spintex Limited,Consumer Cyclical,1440023552.0
LAHOTIOV,Lahoti Overseas Limited,,
LAL,Lorenzini Apparels Limited,Consumer Cyclical,1511444736.0
LALPATHLAB,Dr. Lal Path Labs Ltd.,Healthcare,281056968704.0
LAMBODHARA,Lambodhara Textiles Limited,Consumer Cyclical,1216773632.0
LANCORHOL,Lancor Holdings Limited,Real Estate,1846119040.0
LANDMARK,Landmark Cars Limited,Consumer Cyclical,18740068352.0
LANDSMILL,Landsmill Green Limited,Industrials,1199090816.0
LAOPALA,La Opala RG Limited,Consumer Cyclical,21123299328.0
LASA,Lasa Supergenerics Limited,Healthcare,364236000.0
LATENTVIEW,Latent View Analytics Limited,Industrials,61746413568.0
LATTEYS,Latteys Industries Limited,Industrials,1302280448.0
LAURUSLABS,Laurus Labs Limited,Healthcare,797570498560.0
LAXMICOT,Laxmi Cotspin Limited,Consumer Cyclical,252585168.0
LAXMIDENTL,Laxmi Dental Limited,Healthcare,12420895744.0
LAXMIINDIA,Laxmi India Finance Limited,Financial Services,5566764544.0
LCCINFOTEC,LCC Infotech Limited,Consumer Defensive,660817280.0
LEMERITE,Le Merite Exports Limited,Consumer Cyclical,3554771200.0
LEMONTREE,Lemon Tree Hotels Limited,Consumer Cyclical,95180079104.0
LENSKART,Lenskart Solutions Limited,Healthcare,900262330368.0
LEXUS,Lexus Granito (India) Limited,Industrials,318205824.0
LFIC,Lakshmi Finance & Industrial Corporation Limited,Financial Services,441960032.0
LGBBROSLTD,LG Balakrishnan & Bros Limited,Consumer Cyclical,49730412544.0
LGEINDIA,LG Electronics India Limited,Technology,1097371353088.0
LGHL,Laxmi Goldorna House Limited,Consumer Cyclical,11463683072.0
LIBAS,Libas Consumer Products Limited,Consumer Cyclical,310339136.0
LIBERTSHOE,Liberty Shoes Limited,Consumer Cyclical,4464650752.0
LICHSGFIN,LIC Housing Finance Limited,Financial Services,300691947520.0
LICI,Life Insurance Corporation Of India,Financial Services,5619127943168.0
LIKHITHA,Likhitha Infrastructure Limited,Energy,10223432704.0
LINC,Linc Limited,Industrials,6750910464.0
LINCOLN,Lincoln Pharmaceuticals Limited,Healthcare,12576666624.0
LINDEINDIA,Linde India Limited,Basic Materials,628672626688.0
LLOYDSENGG,LLOYDS ENGINEERING WORKS LIMITED,Industrials,126336229376.0
LLOYDSENT,Lloyds Enterprises Limited,Basic Materials,117880340480.0
LLOYDSME,Lloyds Metals And Energy Limited,Basic Materials,1002587815936.0
LMW,LMW Limited,Industrials,177188241408.0
LODHA,Lodha Developers Limited,Real Estate,936482963456.0
LOKESHMACH,Lokesh Machines Limited,Industrials,6323011072.0
LORDSCHLO,Lords Chloro Alkali Limited,Basic Materials,3878013184.0
LOTUSDEV,Sri Lotus Developers and Realty Limited,Industrials,71529603072.0
LOTUSEYE,Lotus Eye Hospital and Institute Limited,Healthcare,2681478912.0
LOVABLE,Lovable Lingerie Limited,Consumer Cyclical,1102599936.0
LOYALTEX,Loyal Textile Mills Limited,Consumer Cyclical,1001820800.0
LPDC,Landmark Property Development Company Limited,Real Estate,898759168.0
LT,Larsen & Toubro Limited,Industrials,5809034493952.0
LTF,L&T Finance Limited,Financial Services,729478135808.0
LTFOODS,LT Foods Limited,Consumer Defensive,134300073984.0
LTM,LTM Limited,Technology,1112767201280.0
LTTS,L&T Technology Services Limited,Technology,354990358528.0
LUMAXIND,Lumax Industries Limited,Consumer Cyclical,48631574528.0
LUMAXTECH,Lumax Auto Technologies Limited,Consumer Cyclical,110906212352.0
LUPIN,Lupin Limited,Healthcare,1087298994176.0
LUXIND,Lux Industries Limited,Consumer Cyclical,37165588480.0
LXCHEM,Laxmi Organic Industries Limited,Basic Materials,45592985600.0
LYKALABS,Lyka Labs Limited,Healthcare,2490198784.0
LYPSAGEMS,Lypsa Gems & Jewellery Limited,Consumer Cyclical,145650960.0
M&M,Mahindra & Mahindra Limited,Consumer Cyclical,3674572587008.0
M&MFIN,Mahindra & Mahindra Financial Services Limited,Financial Services,407831511040.0
MAANALU,Maan Aluminium Limited,Basic Materials,7730249216.0
MACPOWER,Macpower CNC Machines Limited,Industrials,11780399104.0
MADHAV,Madhav Marbles and Granites Limited,Industrials,339985984.0
MADHAVIPL,Madhav Infra Projects Limited,,
MADHUCON,Madhucon Projects Limited,Industrials,466384064.0
MADRASFERT,Madras Fertilizers Limited,Basic Materials,11533241344.0
MAFATIND,Mafatlal Industries Limited,,10372834304.0
MAGADSUGAR,Magadh Sugar & Energy Limited,Consumer Defensive,6523720192.0
MAGNUM,Magnum Ventures Limited,Basic Materials,1368226432.0
MAHABANK,Bank of Maharashtra,Financial Services,681471770624.0
MAHAPEXLTD,Maha Rashtra Apex Corporation Limited,Financial Services,1369732224.0
MAHASTEEL,Mahamaya Steel Industries Limited,Basic Materials,14025938944.0
MAHEPC,Mahindra EPC Irrigation Limited,Industrials,3373655808.0
MAHESHWARI,Maheshwari Logistics Limited,Industrials,2063220736.0
MAHLIFE,Mahindra Lifespace Developers Limited,Real Estate,76526034944.0
MAHLOG,Mahindra Logistics Limited,Industrials,36985180160.0
MAHSCOOTER,Maharashtra Scooters Limited,Financial Services,146205671424.0
MAHSEAMLES,Maharashtra Seamless Limited,Basic Materials,87816404992.0
MAITHANALL,Maithan Alloys Limited,Basic Materials,30957223936.0
MAJESAUT,Majestic Auto Limited,Real Estate,
MALLCOM,Mallcom (India) Limited,Industrials,6820320256.0
MALUPAPER,Malu Paper Mills Limited,Basic Materials,551145856.0
MAMATA,Mamata Machinery Limited,Industrials,9476463616.0
MANAKALUCO,Manaksia Aluminium Company Limited,Basic Materials,2528958976.0
MANAKCOAT,Manaksia Coated Metals & Industries Limited,Industrials,11747578880.0
MANAKSIA,Manaksia Limited,Industrials,3810804992.0
MANAKSTEEL,Manaksia Steels Limited,Basic Materials,4850174976.0
MANALIPETC,Manali Petrochemicals Limited,Basic Materials,11343348736.0
MANAPPURAM,Manappuram Finance Limited,Financial Services,307162906624.0
MANBA,Manba Finance Limited,Financial Services,6516050944.0
MANCREDIT,Mangal Credit and Fincorp Limited,Financial Services,4748535296.0
MANGALAM,Mangalam Drugs And Organics Limited,Healthcare,469465824.0
MANGLMCEM,Mangalam Cement Limited,Basic Materials,24464347136.0
MANINDS,Man Industries (India) Limited,Basic Materials,44476923904.0
MANINFRA,Man Infraconstruction Limited,Industrials,43103506432.0
MANKIND,Mankind Pharma Limited,Healthcare,1073913462784.0
MANOMAY,Manomay Tex India Limited,Consumer Cyclical,3411391488.0
MANORAMA,Manorama Industries Limited,Consumer Defensive,92189966336.0
MANORG,Mangalam Organics Limited,Basic Materials,4881730560.0
MANUGRAPH,Manugraph India Limited,Industrials,491055488.0
MANYAVAR,Vedant Fashions Limited,Consumer Cyclical,100665466880.0
MAPMYINDIA,C.E. Info Systems Limited,Technology,48444370944.0
MARALOVER,Maral Overseas Limited,Consumer Cyclical,2415765504.0
MARATHON,Marathon Nextgen Realty Limited,Real Estate,27440160768.0
MARICO,Marico Limited,Consumer Defensive,1057886765056.0
MARINE,Marine Electricals (India) Limited,Industrials,36031881216.0
MARKOLINES,Markolines Pavement Technologies Limited,Industrials,3868181504.0
MARKSANS,Marksans Pharma Limited,Healthcare,120165433344.0
MARSONS,Marsons Limited,Industrials,20817215488.0
MARUTI,Maruti Suzuki India Limited,Consumer Cyclical,4205134217216.0
MASFIN,MAS Financial Services Limited,Financial Services,57684025344.0
MASKINVEST,Mask Investments Limited,Financial Services,469931008.0
MASTEK,Mastek Limited,Technology,49402847232.0
MASTERTR,Master Trust Limited,Financial Services,9793303552.0
MATRIMONY,Matrimony.Com Limited,Communication Services,8134793216.0
MAWANASUG,Mawana Sugars Limited,Consumer Defensive,4449543168.0
MAXESTATES,Max Estates Limited,Real Estate,75081695232.0
MAXHEALTH,Max Healthcare Institute Limited,Healthcare,1074947751936.0
MAXIND,Max India Limited,Healthcare,8882823168.0
MAYURUNIQ,Mayur Uniquoters Ltd,Consumer Cyclical,34848985088.0
MAZDA,Mazda Limited,Industrials,4921544192.0
MAZDOCK,Mazagon Dock Shipbuilders Limited,Industrials,1024343146496.0
MBAPL,Madhya Bharat Agro Products Limited,Basic Materials,48843259904.0
MBEL,M & B Engineering Limited,Industrials,17644511232.0
MBLINFRA,MBL Infrastructure Limited,Industrials,4200475648.0
MCCHRLS-B,Mac Charles India Limited,,
MCL,M TEK COPPER LIMITED,Basic Materials,1601425152.0
MCLEODRUSS,Mcleod Russel India Limited,Consumer Defensive,6653830656.0
MCLOUD,Magellanic Cloud Limited,Technology,17000477696.0
MCX,Multi Commodity Exchange of India Limited,Financial Services,725721481216.0
MEDANTA,Global Health Limited,Healthcare,351640190976.0
MEDIASSIST,Medi Assist Healthcare Services Limited,Healthcare,28233562112.0
MEDICAMEQ,Medicamen Biotech Limited,Healthcare,3277454080.0
MEDICO,Medico Remedies Limited,Healthcare,3533458944.0
MEDPLUS,Medplus Health Services Limited,Healthcare,101988868096.0
MEESHO,Meesho Limited,Consumer Cyclical,791491444736.0
MEGASTAR,Megastar Foods Limited,Consumer Defensive,3874868480.0
MEIL,Mangal Electrical Industries Limited,Industrials,8764275712.0
MENNPIS,Menon Pistons Limited,,
MENONBE,Menon Bearings Limited,Consumer Cyclical,9745355776.0
MERCANTILE,Mercantile Ventures Limited,,
MERCURYEV,Mercury Ev-Tech Limited,Consumer Cyclical,6449585152.0
METROBRAND,Metro Brands Limited,Consumer Cyclical,291270688768.0
METROGLOBL,Metroglobal Limited,Industrials,1578800000.0
METROPOLIS,Metropolis Healthcare Limited,Healthcare,113182523392.0
MFML,Mahalaxmi Fabric Mills Limited,Consumer Cyclical,248939248.0
MFSL,Max Financial Services Limited,Financial Services,582176342016.0
MGEL,Mangalam Global Enterprise Limited,Consumer Defensive,5239933440.0
MGL,Mahanagar Gas Limited,Utilities,121694216192.0
MHLXMIRU,Mahalaxmi Rubtech Limited,Consumer Cyclical,1655807104.0
MHRIL,Mahindra Holidays & Resorts India Limited,Consumer Cyclical,48840065024.0
MICEL,MIC Electronics Limited,Technology,10303244288.0
MIDHANI,Mishra Dhatu Nigam Limited,Basic Materials,82888589312.0
MIDWESTLTD,Midwest Limited,Basic Materials,47153704960.0
MINDACORP,Minda Corporation Limited,Consumer Cyclical,154973388800.0
MINDTECK,Mindteck (India) Limited,Technology,6716776960.0
MIRZAINT,Mirza International Limited,Consumer Cyclical,4581393408.0
MITCON,MITCON Consultancy & Engineering Services Limited,Industrials,1469193216.0
MITTAL,Mittal Life Style Limited,Consumer Cyclical,452778784.0
MKPL,M K Proteins Limited,Consumer Defensive,1867274624.0
MMFL,MM Forgings Limited,Industrials,21750861824.0
MMP,MMP Industries Limited,Basic Materials,7211801600.0
MMTC,MMTC Limited,Industrials,112725000192.0
MMWL,Media Matrix Worldwide Limited,Communication Services,
MOBIKWIK,One Mobikwik Systems Limited,Technology,15573778432.0
MODINATUR,Modi Naturals Limited,Consumer Defensive,5507517440.0
MODIRUBBER,Modi Rubber Limited,Real Estate,3230228736.0
MODIS,Modis Navnirman Limited,Real Estate,6785412096.0
MODISONLTD,MODISON LIMITED,Industrials,11029754880.0
MODTHREAD,Modern Threads (India) Limited,Consumer Cyclical,1481769600.0
MOHITIND,Mohit Industries Limited,Consumer Cyclical,336950272.0
MOIL,MOIL Limited,Basic Materials,58664783872.0
MOKSH,Moksh Ornaments Limited,Consumer Cyclical,984887872.0
MOL,Meghmani Organics Limited,Basic Materials,12860668928.0
MOLDTECH,Mold-Tek Technologies Limited,Industrials,3861902336.0
MOLDTKPAC,Mold-Tek Packaging Limited,Consumer Cyclical,22961178624.0
MONARCH,Monarch Networth Capital Limited,Financial Services,28217905152.0
MONEYBOXX,Moneyboxx Finance Limited,Financial Services,4760987136.0
MONTECARLO,Monte Carlo Fashions Limited,Consumer Cyclical,11693920256.0
MOREPENLAB,Morepen Laboratories Limited,Healthcare,28773048320.0
MOSCHIP,Moschip Technologies Limited,Technology,41869553664.0
MOTHERSON,Samvardhana Motherson International Limited,Consumer Cyclical,1528502812672.0
MOTILALOFS,Motilal Oswal Financial Services Limited,Financial Services,568607113216.0
MOTISONS,Motisons Jewellers Limited,Consumer Cyclical,16186718208.0
MOTOGENFIN,The Motor & General Finance Limited,Real Estate,1152193536.0
MPHASIS,MphasiS Limited,Technology,431609085952.0
MPSLTD,MPS Limited,Communication Services,30943000576.0
MRF,MRF Limited,Consumer Cyclical,560064167936.0
MRPL,Mangalore Refinery and Petrochemicals Limited,Energy,270496088064.0
MSPL,MSP Steel & Power Limited,Basic Materials,24854032384.0
MSTCLTD,Mstc Limited,Industrials,48164163584.0
MSUMI,Motherson Sumi Wiring India Limited,Consumer Cyclical,253462134784.0
MTARTECH,Mtar Technologies Limited,Industrials,254135746560.0
MTEDUCARE,MT Educare Limited,Consumer Defensive,158901728.0
MTNL,Mahanagar Telephone Nigam Limited,Communication Services,20033998848.0
MUFIN,Mufin Green Finance Limited,Financial Services,26008786944.0
MUFTI,Credo Brands Marketing Limited,Consumer Cyclical,5941054464.0
MUKANDLTD,Mukand Limited,Basic Materials,19800227840.0
MUKKA,Mukka Proteins Limited,Consumer Defensive,7461000192.0
MUKTAARTS,Mukta Arts Limited,Communication Services,1435741184.0
MUNJALAU,Munjal Auto Industries Limited,Consumer Cyclical,9722000384.0
MUNJALSHOW,Munjal Showa Limited,Consumer Cyclical,5216947712.0
MURUDCERA,Murudeshwar Ceramics Limited,Industrials,2034926208.0
MUTHOOTCAP,Muthoot Capital Services Limited,Financial Services,3486712576.0
MUTHOOTFIN,Muthoot Finance Limited,Financial Services,1270045474816.0
MUTHOOTMF,Muthoot Microfin Limited,Financial Services,34155616256.0
MVGJL,Manoj Vaibhav Gems N Jewellers Limited,Consumer Cyclical,7273383424.0
MWL,Mangalam Worldwide Limited,Basic Materials,11038255104.0
NACLIND,NACL Industries Limited,Basic Materials,50573131776.0
NAGREEKCAP,Nagreeka Capital & Infrastructure Limited,Financial Services,335566976.0
NAGREEKEXP,Nagreeka Exports Limited,Consumer Cyclical,844667264.0
NAHARCAP,Nahar Capital and Financial Services Limited,Financial Services,4228407040.0
NAHARINDUS,Nahar Industrial Enterprises Limited,Consumer Cyclical,5171707904.0
NAHARPOLY,Nahar Poly Films Limited,Consumer Cyclical,6303131648.0
NAHARSPING,Nahar Spinning Mills Limited,Consumer Cyclical,9268783104.0
NAM-INDIA,Nippon Life India Asset Management Limited,Financial Services,754369101824.0
NARMADA,Narmada Agrobase Limited,Basic Materials,1446514944.0
NATCAPSUQ,Natural Capsules Limited,Healthcare,1634551168.0
NATCOPHARM,Natco Pharma Limited,Healthcare,163348201472.0
NATHBIOGEN,Nath Bio-Genes (India) Limited,Basic Materials,3197111296.0
NATIONALUM,National Aluminium Company Limited,Basic Materials,668625797120.0
NATIONSTD,National Standard (India) Limited,,
NAUKRI,Info Edge (India) Limited,Communication Services,656028467200.0
NAVA,NAVA LIMITED,Industrials,174725906432.0
NAVINFLUOR,Navin Fluorine International Limited,Basic Materials,389234786304.0
NAVKARCORP,Navkar Corporation Limited,Industrials,16712144896.0
NAVKARURB,Navkar Urbanstructure Limited,Basic Materials,1290403840.0
NAVNETEDUL,Navneet Education Limited,Communication Services,31078242304.0
NAZARA,Nazara Technologies Limited,Communication Services,110657904640.0
NBCC,NBCC (India) Limited,Industrials,299510988800.0
NBIFIN,N. B. I. Industrial Finance Company Limited,Financial Services,5466472448.0
NCC,NCC Limited,Industrials,100587307008.0
NCLIND,NCL Industries Limited,Basic Materials,8797777920.0
NDGL,Naga Dhunseri Group Limited,Financial Services,2680000000.0
NDL,Nandan Denim Limited,Consumer Cyclical,3646923520.0
NDLVENTURE,NDL Ventures Limited,Communication Services,4466877440.0
NDRAUTO,Ndr Auto Components Limited,Consumer Cyclical,19915546624.0
NDTV,New Delhi Television Limited,Communication Services,9275320320.0
NEAGI,Neelamalai Agro Industries Limited,,
NECCLTD,North Eastern Carrying Corporation Limited,Industrials,1766049920.0
NECLIFE,Nectar Lifesciences Limited,Healthcare,2263140352.0
NELCAST,Nelcast Limited,Industrials,12345850880.0
NELCO,NELCO Limited,Technology,20463540224.0
NEOGEN,Neogen Chemicals Limited,Basic Materials,52682342400.0
NEPHROPLUS,Nephrocare Health Services Limited,Healthcare,71241908224.0
NESCO,Nesco Limited,Industrials,80458227712.0
NESTLEIND,Nestle India Limited,Consumer Defensive,2711981391872.0
NETWEB,Netweb Technologies India Limited,Technology,289998929920.0
NETWORK18,Network18 Media & Investments Limited,Communication Services,52280905728.0
NEULANDLAB,Neuland Laboratories Limited,Healthcare,234106978304.0
NEWGEN,Newgen Software Technologies Limited,Technology,67460124672.0
NEXTMEDIA,Next Mediaworks Limited,Communication Services,272923072.0
NFL,National Fertilizers Limited,Basic Materials,38260207616.0
NGIL,Nakoda Group of Industries Limited,Consumer Defensive,657380864.0
NGLFINE,NGL Fine-Chem Limited,Healthcare,19466952704.0
NH,Narayana Hrudayalaya Ltd.,Healthcare,395597873152.0
NHPC,NHPC Limited,Utilities,789238382592.0
NIACL,The New India Assurance Company Limited,Financial Services,331907203072.0
NIBE,NIBE Limited,Industrials,27516076032.0
NIBL,NRB Industrial Bearings Limited,Industrials,758419328.0
NIITLTD,NIIT Limited,Consumer Defensive,13966013440.0
NIITMTS,NIIT Learning Systems Limited,Consumer Defensive,32402563072.0
NILAINFRA,Nila Infrastructures Limited,Real Estate,3206258432.0
NILASPACES,Nila Spaces Limited,Real Estate,5337199104.0
NILE,Nile Limited,,
NILKAMAL,Nilkamal Limited,Consumer Cyclical,19273836544.0
NIMBSPROJ,Nimbus Projects Limited,,4016365056.0
NINSYS,NINtec Systems Limited,Technology,14211568640.0
NIPPOBATRY,Indo-National Limited,Industrials,2692875008.0
NIRAJ,Niraj Cement Structurals Limited,Industrials,1841570432.0
NIRAJISPAT,Niraj Ispat Industries Limited,Consumer Cyclical,119400000.0
NIRLON,Nirlon Limited,Real Estate,55913738240.0
NITCO,Nitco Limited,Industrials,27175915520.0
NITINSPIN,Nitin Spinners Limited,Consumer Cyclical,31443845120.0
NITIRAJ,Nitiraj Engineers Limited,Technology,1988694016.0
NITTAGELA,Nitta Gelatin India Limited,Basic Materials,
NIVABUPA,Niva Bupa Health Insurance Company Limited,Financial Services,161715716096.0
NKIND,NK Industries Limited,Consumer Defensive,384633600.0
NLCINDIA,NLC India Limited,Utilities,451904897024.0
NMDC,NMDC Limited,Basic Materials,765151870976.0
NOCIL,NOCIL Limited,Basic Materials,32372772864.0
NOIDATOLL,Noida Toll Bridge Company Limited,Industrials,908631680.0
NORBTEAEXP,Norben Tea & Exports Limited,Consumer Defensive,1112957568.0
NORTHARC,Northern Arc Capital Limited,Financial Services,47607656448.0
NOVAAGRI,Nova Agritech Limited,Basic Materials,2322511104.0
NOVARTIND,Novartis India Limited,Healthcare,37579390976.0
NPST,Network People Services Technologies Limited,Technology,34216140800.0
NRAIL,N R Agarwal Industries Limited,Basic Materials,7906222592.0
NRBBEARING,NRB Bearing Limited,Consumer Cyclical,42403639296.0
NRL,Nupur Recyclers Limited,Industrials,5671255040.0
NSIL,Nalwa Sons Investments Limited,Financial Services,29281265664.0
NSLNISP,NMDC Steel Limited,Basic Materials,134807871488.0
NTPC,NTPC Limited,Utilities,3577100369920.0
NTPCGREEN,NTPC Green Energy Limited,Utilities,814489075712.0
NUCLEUS,Nucleus Software Exports Limited,Technology,20465293312.0
NURECA,Nureca Limited,Healthcare,2386139136.0
NUVAMA,Nuvama Wealth Management Limited,Financial Services,318053318656.0
NUVOCO,Nuvoco Vistas Corporation Limited,Basic Materials,113218502656.0
NYKAA,FSN E-Commerce Ventures Limited,Consumer Cyclical,874611867648.0
OAL,Oriental Aromatics Limited,Basic Materials,11485965312.0
OBCL,Orissa Bengal Carrier Limited,Industrials,1213947136.0
OBEROIRLTY,Oberoi Realty Limited,Real Estate,629759082496.0
OCCLLTD,OCCL Limited,Basic Materials,6638415872.0
ODIGMA,Odigma Consultancy Solutions Limited,Communication Services,790838784.0
OFSS,Oracle Financial Services Software Limited,Technology,850607669248.0
OIL,Oil India Limited,Energy,685371162624.0
OILCOUNTUB,Oil Country Tubular Limited,Energy,3185662720.0
OLAELEC,Ola Electric Mobility Limited,Consumer Cyclical,186866024448.0
OLECTRA,Olectra Greentech Limited,Industrials,124516474880.0
OMAXAUTO,Omax Autos Limited,Consumer Cyclical,4931476480.0
OMAXE,Omaxe Limited,Real Estate,14508688384.0
OMFREIGHT,Om Freight Forwarders Limited,Industrials,2828737024.0
OMINFRAL,OM INFRA LIMITED,Industrials,9013072896.0
OMNI,Omnitech Engineering Limited,Industrials,61443461120.0
OMPOWER,Om Power Transmission Limited,Industrials,
ONELIFECAP,Onelife Capital Advisors Limited,Financial Services,1240352000.0
ONEPOINT,One Point One Solutions Limited,Industrials,15172335616.0
ONESOURCE,Onesource Specialty Pharma Limited,Healthcare,185256148992.0
ONGC,Oil & Natural Gas Corporation Limited,Energy,3085313507328.0
ONIDA,Onida Electronics Limited,Consumer Cyclical,15292844032.0
ONMOBILE,OnMobile Global Limited,Communication Services,5553164288.0
ONWARDTEC,Onward Technologies Limited,Technology,5803528192.0
OPTIEMUS,Optiemus Infracom Limited,Technology,41790156800.0
ORBTEXP,Orbit Exports Limited,Consumer Cyclical,5495231488.0
ORCHASP,Orchasp Limited,Technology,637422720.0
ORCHPHARMA,Orchid Pharma Limited,Healthcare,50967629824.0
ORICONENT,Oricon Enterprises Limited,Consumer Cyclical,8953275392.0
ORIENTALTL,Oriental Trimex Limited,Industrials,455745024.0
ORIENTBELL,Orient Bell Limited,Industrials,4765458944.0
ORIENTCEM,Orient Cement Limited,Basic Materials,27893231616.0
ORIENTCER,ORIENT CERATECH LIMITED,Basic Materials,4828638208.0
ORIENTELEC,Orient Electric Limited,Consumer Cyclical,38213906432.0
ORIENTHOT,Oriental Hotels Limited,Consumer Cyclical,21262233600.0
ORIENTLTD,Orient Press Limited,Consumer Cyclical,707699968.0
ORIENTPPR,Orient Paper & Industries Limited,Basic Materials,3751439872.0
ORIENTTECH,Orient Technologies Limited,Technology,11758379008.0
ORISSAMINE,The Orissa Minerals Development Company Limited,Basic Materials,24190199808.0
ORKLAINDIA,Orkla India Limited,Consumer Defensive,83337396224.0
ORTINGLOBE,ORTIN GLOBAL LIMITED,Healthcare,136526080.0
OSIAHYPER,Osia Hyper Retail Limited,Consumer Cyclical,521699296.0
OSWALAGRO,Oswal Agro Mills Limited,Real Estate,5918720512.0
OSWALGREEN,Oswal Greentech Limited,Financial Services,6137738752.0
OSWALPUMPS,Oswal Pumps Limited,Industrials,50105151488.0
OSWALSEEDS,ShreeOswal Seeds And Chemicals Limited,Basic Materials,989705344.0
PACEDIGITK,Pace Digitek Limited,Technology,44031512576.0
PAGEIND,Page Industries Limited,Consumer Cyclical,441804947456.0
PAISALO,Paisalo Digital Limited,Financial Services,53880074240.0
PAKKA,PAKKA LIMITED,Basic Materials,3894483712.0
PALASHSECU,Palash Securities Limited,Consumer Defensive,961298112.0
PALREDTEC,Palred Technologies Limited,Technology,691139968.0
PANACEABIO,Panacea Biotec Limited,Healthcare,32891650048.0
PANACHE,Panache Digilife Limited,Technology,6781789696.0
PANAMAPET,Panama Petrochem Limited,Energy,28801003520.0
PANSARI,Pansari Developers Limited,Real Estate,5182571520.0
PAR,Par Drugs And Chemicals Limited,Healthcare,1157251072.0
PARACABLES,Paramount Communications Limited,Technology,21028958208.0
PARADEEP,Paradeep Phosphates Limited,Basic Materials,142665400320.0
PARAGMILK,Parag Milk Foods Limited,Consumer Defensive,29270280192.0
PARAS,Paras Defence and Space Technologies Limited,Industrials,108482633728.0
PARASPETRO,Paras Petrofils Limited,Consumer Cyclical,725259584.0
PARKHOSPS,Park Medi World Limited,Healthcare,125821460480.0
PARKHOTELS,Apeejay Surrendra Park Hotels Limited,Consumer Cyclical,26439202816.0
PARSVNATH,Parsvnath Developers Limited,Real Estate,1266377344.0
PASHUPATI,Pashupati Cotspin Limited,Consumer Cyclical,13962526720.0
PASUPTAC,Pasupati Acrylon Limited,Consumer Cyclical,5971918848.0
PATANJALI,Patanjali Foods Limited,Consumer Defensive,454570541056.0
PATELENG,Patel Engineering Limited,Industrials,31612076032.0
PATELRMART,Patel Retail Limited,Consumer Cyclical,7415585280.0
PATINTLOG,Patel Integrated Logistics Limited,Industrials,1029869056.0
PAUSHAKLTD,Paushak Limited,Basic Materials,12475164672.0
PAVNAIND,Pavna Industries Limited,Consumer Cyclical,2533864704.0
PAYTM,One 97 Communications Limited,Technology,695277977600.0
PCBL,PCBL Chemical Limited,Basic Materials,122091438080.0
PCJEWELLER,PC Jeweller Limited,Consumer Cyclical,86812172288.0
PDMJEPAPER,Pudumjee Paper Products Limited,Basic Materials,8082144256.0
PDSL,PDS Limited,Industrials,49756127232.0
PEARLPOLY,Pearl Polymers Limited,Consumer Cyclical,315486624.0
PENIND,Pennar Industries Limited,Industrials,22140626944.0
PENINLAND,Peninsula Land Limited,Real Estate,5135152640.0
PERSISTENT,Persistent Systems Limited,Technology,763422965760.0
PETRONET,Petronet LNG Limited,Energy,433800052736.0
PFC,Power Finance Corporation Limited,Financial Services,1447094517760.0
PFIZER,Pfizer Limited,Healthcare,208348889088.0
PFOCUS,Prime Focus Limited,Communication Services,167613956096.0
PFS,PTC India Financial Services Limited,Financial Services,19987857408.0
PGEL,PG Electroplast Limited,Technology,162766209024.0
PGHH,Procter & Gamble Hygiene and Health Care Limited,Consumer Defensive,297583804416.0
PGHL,Procter & Gamble Health Limited,Healthcare,105721462784.0
PGIL,Pearl Global Industries Limited,Consumer Cyclical,89925091328.0
PHOENIXLTD,The Phoenix Mills Limited,Real Estate,675010641920.0
PICCADIL,Piccadily Agro Industries Limited,Consumer Defensive,56913981440.0
PIDILITIND,Pidilite Industries Limited,Basic Materials,1621316206592.0
PIGL,Power & Instrumentation (Gujarat) Limited,Industrials,2445431296.0
PIIND,PI Industries Limited,Basic Materials,428561629184.0
PILANIINVS,Pilani Investment and Industries Corporation Limited,Financial Services,49313583104.0
PILITA,PIL ITALICA LIFESTYLE LIMITED,Consumer Cyclical,1997500032.0
PINELABS,Pine Labs Limited,Technology,174113144832.0
PIONEEREMB,Pioneer Embroideries Limited,Consumer Cyclical,769461568.0
PIONRINV,Pioneer Investcorp Limited,,
PIRAMALFIN,Piramal Finance Limited,Financial Services,473254330368.0
PITTIENG,Pitti Engineering Limited,Industrials,36908048384.0
PIXTRANS,Pix Transmissions Limited,Industrials,21950197760.0
PKTEA,The Peria Karamalai Tea & Produce Company Limited,Consumer Defensive,2408593920.0
PLASTIBLEN,Plastiblends India Limited,Basic Materials,4704045056.0
PLATIND,Platinum Industries Limited,Basic Materials,13237043200.0
PLAZACABLE,Plaza Wires Limited,Industrials,2117600768.0
PML,Paul Merchants Limited,,
PNB,Punjab National Bank,Financial Services,1248708263936.0
PNBGILTS,PNB Gilts Limited,Financial Services,16503328768.0
PNBHOUSING,PNB Housing Finance Limited,Financial Services,267964628992.0
PNC,Pritish Nandy Communications Limited,Communication Services,320154688.0
PNCINFRA,PNC Infratech Limited,Industrials,60379058176.0
PNGJL,P N Gadgil Jewellers Limited,Consumer Cyclical,74327457792.0
PNGSREVA,PNGS Reva Diamond Jewellery Limited,Consumer Cyclical,12885399552.0
POCL,Pondy Oxides & Chemicals Limited,Basic Materials,41638744064.0
PODDARMENT,Poddar Pigments Limited,Basic Materials,2677964032.0
POKARNA,Pokarna Limited,Industrials,34222217216.0
POLICYBZR,PB Fintech Limited,Financial Services,768791740416.0
POLYCAB,Polycab India Limited,Industrials,1508946083840.0
POLYMED,Poly Medicure Limited,Healthcare,169633120256.0
POLYPLEX,Polyplex Corporation Limited,Basic Materials,31963805696.0
PONNIERODE,Ponni Sugars (Erode) Limited,Consumer Defensive,2764391424.0
POONAWALLA,Poonawalla Fincorp Limited,Financial Services,375172235264.0
POWERGRID,Power Grid Corporation of India Limited,Utilities,2702290452480.0
POWERICA,Powerica Limited,Industrials,82429566976.0
POWERINDIA,Hitachi Energy India Limited,Industrials,1645834534912.0
POWERMECH,Power Mech Projects Limited,Industrials,91427995648.0
PPAP,PPAP Automotive Limited,Consumer Cyclical,3547810560.0
PPL,Prakash Pipes Limited,Industrials,6294177280.0
PPLPHARMA,Piramal Pharma Limited,Healthcare,230777978880.0
PRABHA,Prabha Energy Limited,Energy,22896136192.0
PRADPME,Pradeep Metals Limited,,
PRAENG,Prajay Engineers Syndicate Limited,Real Estate,1477743232.0
PRAJIND,Praj Industries Limited,Industrials,63461470208.0
PRAKASH,Prakash Industries Limited,Basic Materials,25857626112.0
PRAKASHSTL,Prakash Steelage Limited,Basic Materials,787501696.0
PRAVEG,Praveg Limited,,
PRAXIS,Praxis Home Retail Limited,Consumer Cyclical,1616566144.0
PRECAM,Precision Camshafts Limited,Consumer Cyclical,14769347584.0
PRECOT,Precot Limited,Consumer Cyclical,9187800064.0
PRECWIRE,Precision Wires India Limited,Industrials,78671413248.0
PREMCO,Premco Global Limited,,
PREMEXPLN,Premier Explosives Limited,Basic Materials,40633921536.0
PREMIER,Premier Limited,Industrials,96076496.0
PREMIERENE,Premier Energies Limited,Technology,479863603200.0
PREMIERPOL,Premier Polyfilm Limited,Basic Materials,6713992192.0
PRESTIGE,Prestige Estates Projects Limited,Real Estate,661041709056.0
PRICOLLTD,Pricol Limited,Consumer Cyclical,70575480832.0
PRIMESECU,Prime Securities Limited,Financial Services,10843933696.0
PRIMO,Primo Chemicals Limited,Basic Materials,6189446144.0
PRINCEPIPE,Prince Pipes And Fittings Limited,Industrials,32223666176.0
PRITI,Priti International Limited,Consumer Cyclical,567516480.0
PRITIKAUTO,Pritika Auto Industries Limited,Industrials,3163740672.0
PRIVISCL,Privi Speciality Chemicals Limited,Basic Materials,143102312448.0
PROSTARM,Prostarm Info Systems Limited,Industrials,8394927616.0
PROTEAN,Protean eGov Technologies Limited,Technology,24636753920.0
PROZONER,Prozone Realty Limited,Real Estate,7277630976.0
PRSMJOHNSN,Prism Johnson Limited,Basic Materials,61479972864.0
PRUDENT,Prudent Corporate Advisory Services Limited,Financial Services,127872106496.0
PRUDMOULI,Prudential Sugar Corporation Limited,Consumer Defensive,516032000.0
PSB,Punjab & Sind Bank,Financial Services,177389633536.0
PSPPROJECT,PSP Projects Limited,Industrials,39007522816.0
PTC,PTC India Limited,Utilities,55901171712.0
PTCIL,PTC Industries Limited,Industrials,266147725312.0
PTL,PTL Enterprises Limited,Real Estate,5684268032.0
PUNJABCHEM,Punjab Chemicals & Crop Protection Limited,Basic Materials,13130348544.0
PURVA,Puravankara Limited,Real Estate,51947638784.0
PVP,PVP Ventures Limited,Industrials,7773049856.0
PVRINOX,PVR INOX Limited,Communication Services,96584572928.0
PVSL,Popular Vehicles and Services Limited,Consumer Cyclical,6784476672.0
PWL,Physicswallah Limited,Consumer Defensive,367756476416.0
PYRAMID,Pyramid Technoplast Limited,Consumer Cyclical,6384650752.0
QMSMEDI,QMS Medical Allied Services Limited,Healthcare,1930111616.0
QPOWER,Quality Power Electrical Equipments Limited,Industrials,101219434496.0
QUADFUTURE,Quadrant Future Tek Limited,Industrials,16650000384.0
QUESS,Quess Corp Limited,Industrials,37410164736.0
QUICKHEAL,Quick Heal Technologies Limited,Technology,9710430208.0
QUINT,Quint Digital Limited,,
RACE,Race Eco Chain Limited,Industrials,1918137856.0
RACLGEAR,RACL Geartech Limited,Consumer Cyclical,16119169024.0
RADAAN,Radaan Mediaworks India Limited,Communication Services,171150464.0
RADHIKAJWE,Radhika Jeweltech Limited,Consumer Cyclical,6722579968.0
RADIANTCMS,Radiant Cash Management Services Limited,Industrials,4290724608.0
RADICO,Radico Khaitan Limited,Consumer Defensive,502242574336.0
RADIOCITY,Music Broadcast Limited,Communication Services,2171306752.0
RAILTEL,Railtel Corporation Of India Limited,Communication Services,103133560832.0
RAIN,Rain Industries Limited,Basic Materials,64124297216.0
RAINBOW,Rainbow Childrens Medicare Limited,Healthcare,148203962368.0
RAJMET,Rajnandini Metal Limited,Basic Materials,1058918400.0
RAJOOENG,Rajoo Engineers Limited,Industrials,10475732992.0
RAJPALAYAM,Rajapalayam Mills Limited,,
RAJRATAN,Rajratan Global Wire Limited,Basic Materials,23253118976.0
RAJRILTD,Raj Rayon Industries Limited,Consumer Cyclical,12635737088.0
RAJSREESUG,Rajshree Sugars & Chemicals Limited,Consumer Defensive,1113687680.0
RAJTV,Raj Television Network Limited,Communication Services,663452544.0
RALLIS,Rallis India Limited,Basic Materials,45250969600.0
RAMANEWS,Shree Rama Newsprint Limited,Consumer Defensive,4468277760.0
RAMAPHO,Rama Phosphates Limited,Basic Materials,4823169536.0
RAMASTEEL,Rama Steel Tubes Limited,Basic Materials,8180204544.0
RAMCOCEM,The Ramco Cements Limited,Basic Materials,208528031744.0
RAMCOIND,Ramco Industries Limited,Industrials,26477991936.0
RAMCOSYS,Ramco Systems Limited,Technology,20947427328.0
RAMKY,Ramky Infrastructure Limited,Industrials,29537077248.0
RAMRAT,Ram Ratna Wires Limited,Industrials,40392142848.0
RANASUG,Rana Sugars Limited,Consumer Defensive,1997917440.0
RANEHOLDIN,Rane Holdings Limited,Consumer Cyclical,23486996480.0
RATEGAIN,Rategain Travel Technologies Limited,Technology,101480087552.0
RATNAMANI,Ratnamani Metals & Tubes Limited,Basic Materials,193804386304.0
RATNAVEER,Ratnaveer Precision Engineering Limited,Basic Materials,13377502208.0
RAYMOND,Raymond Limited,Industrials,39684616192.0
RAYMONDLSL,Raymond Lifestyle Limited,Consumer Cyclical,49589493760.0
RAYMONDREL,Raymond Realty Limited,Real Estate,45191749632.0
RBA,Restaurant Brands Asia Limited,Consumer Cyclical,55777505280.0
RBLBANK,RBL Bank Limited,Financial Services,581948080128.0
RBZJEWEL,RBZ Jewellers Limited,Consumer Cyclical,5400399872.0
RCF,Rashtriya Chemicals and Fertilizers Limited,Basic Materials,75526103040.0
RCOM,Reliance Communications Limited,Communication Services,2626210816.0
RECLTD,REC Limited,Financial Services,964813258752.0
REDINGTON,Redington Limited,Technology,218013417472.0
REDTAPE,Redtape Limited,Consumer Cyclical,74866728960.0
REFEX,Refex Industries Limited,Energy,50016399360.0
REGAAL,Regaal Resources Limited,Consumer Defensive,7910733312.0
REGENCERAM,Regency Ceramics Limited,Industrials,1104465024.0
RELAXO,Relaxo Footwears Limited,Consumer Cyclical,91260887040.0
RELCHEMQ,Reliance Chemotex Industries Limited,Consumer Cyclical,1034222528.0
RELIABLE,Reliable Data Services Limited,Technology,1613944832.0
RELIANCE,Reliance Industries Limited,Energy,17965709787136.0
RELIGARE,Religare Enterprises Limited,Financial Services,91167416320.0
RELTD,Ravindra Energy Limited,Technology,28983582720.0
REMSONSIND,Remsons Industries Limited,Consumer Cyclical,3001128448.0
RENUKA,Shree Renuka Sugars Limited,Consumer Defensive,49061687296.0
REPCOHOME,Repco Home Finance Limited,Financial Services,24680456192.0
REPL,Rudrabhishek Enterprises Limited,Industrials,1284885248.0
REPRO,Repro India Limited,Industrials,5322120192.0
RESPONIND,Responsive Industries Limited,Basic Materials,54958686208.0
RETAIL,JHS Svendgaard Retail Ventures Limited,Consumer Defensive,153261936.0
RGL,Renaissance Global Limited,Consumer Cyclical,12596468736.0
RHETAN,Rhetan TMT Limited,Basic Materials,21945937920.0
RHIM,RHI MAGNESITA INDIA LIMITED,Industrials,80225804288.0
RHL,Robust Hotels Limited,Consumer Cyclical,3131872000.0
RICOAUTO,Rico Auto Industries Limited,Consumer Cyclical,19839543296.0
RIIL,Reliance Industrial Infrastructure Limited,Industrials,13038850048.0
RISHABH,Rishabh Instruments Limited,Technology,22713481216.0
RITCO,Ritco Logistics Limited,Industrials,7631519232.0
RITES,RITES Limited,Industrials,102070632448.0
RKDL,Ravi Kumar Distilleries Limited,Consumer Defensive,450720032.0
RKEC,RKEC Projects Limited,Industrials,686131200.0
RKFORGE,Ramkrishna Forgings Limited,Industrials,106252795904.0
RKSWAMY,R K Swamy Limited,Communication Services,5025513984.0
RMC,RMC Switchgears Limited,Industrials,3718469120.0
RMDRIP,R M Drip and Sprinklers Systems Limited,Industrials,8487490048.0
RML,Rane (Madras) Limited,Consumer Cyclical,30919045120.0
RNBDENIMS,R&B Denims Limited,Consumer Cyclical,3152891904.0
ROHLTD,Royal Orchid Hotels Limited,Consumer Cyclical,9351998464.0
ROLEXRINGS,Rolex Rings Limited,Industrials,39501918208.0
ROLLT,Rollatainers Limited,Real Estate,935486208.0
ROML,Raj Oil Mills Limited,Consumer Defensive,710463616.0
ROSSARI,Rossari Biotech Limited,Basic Materials,30235512832.0
ROSSELLIND,Rossell India Limited,Industrials,2144552448.0
ROSSTECH,Rossell Techsys Limited,Industrials,37424021504.0
ROTO,Roto Pumps Limited,Industrials,13163330560.0
ROUTE,ROUTE MOBILE LIMITED,Communication Services,33879906304.0
RPEL,Raghav Productivity Enhancers Limited,Basic Materials,55207366656.0
RPGLIFE,RPG Life Sciences Limited,Healthcare,38924570624.0
RPOWER,Reliance Power Limited,Utilities,108439912448.0
RPPINFRA,R.P.P. Infra Projects Limited,Industrials,3413990400.0
RPPL,Rajshree Polypack Limited,Consumer Cyclical,1520421120.0
RPSGVENT,RPSG VENTURES LIMITED,Technology,29160704000.0
RPTECH,Rashi Peripherals Limited,Technology,50657071104.0
RRIL,RRIL Limited,,
RRKABEL,R R Kabel Limited,Industrials,270209056768.0
RSDFIN,RSD Finance Limited,,
RSL,Rajputana Stainless Limited,Basic Materials,10867137536.0
RSSOFTWARE,R. S. Software (India) Limited,Technology,992951744.0
RSWM,RSWM Limited,Consumer Cyclical,9043523584.0
RSYSTEMS,R Systems International Limited,Technology,30106411008.0
RTNINDIA,RattanIndia Enterprises Limited,Consumer Cyclical,48676286464.0
RTNPOWER,RattanIndia Power Limited,Utilities,50371592192.0
RUBFILA,Rubfila International Limited,Basic Materials,3964243200.0
RUBICON,Rubicon Research Limited,Healthcare,226861170688.0
RUBYMILLS,The Ruby Mills Limited,Consumer Cyclical,11235840000.0
RUCHINFRA,Ruchi Infrastructure Limited,Industrials,1496398208.0
RUCHIRA,Ruchira Papers Limited,Basic Materials,3301452288.0
RUDRA,Rudra Global Infra Products Limited,Basic Materials,1756016896.0
RUPA,Rupa & Company Limited,Consumer Cyclical,12858360832.0
RUSHIL,Rushil Decor Limited,Consumer Cyclical,5193478144.0
RUSTOMJEE,Keystone Realtors Limited,Real Estate,49768984576.0
RVHL,Ravinder Heights Limited,Real Estate,2916652544.0
RVNL,Rail Vikas Nigam Limited,Industrials,510996742144.0
RVTH,Revathi Equipment India Limited,Industrials,2165875200.0
S&SPOWER,S&S Power Switchgears Limited,Industrials,4751496704.0
SAATVIKGL,Saatvik Green Energy Limited,Technology,59224580096.0
SABEVENTS,Sab Events & Governance Now Media Limited,Communication Services,84393872.0
SADBHAV,Sadbhav Engineering Limited,Industrials,1576735616.0
SADBHIN,Sadbhav Infrastructure Project Limited,Industrials,979186112.0
SADHNANIQ,Sadhana Nitrochem Limited,Basic Materials,9279493120.0
SAFARI,Safari Industries (India) Limited,Consumer Cyclical,80970047488.0
SAGARDEEP,Sagardeep Alloys Limited,Basic Materials,438886880.0
SAGCEM,Sagar Cements Limited,Basic Materials,22422880256.0
SAGILITY,SAGILITY LIMITED,Healthcare,188657532928.0
SAHLIBHFI,Shalibhadra Finance Limited,Financial Services,2318174464.0
SAHYADRI,Sahyadri Industries Limited,Industrials,3201792768.0
SAIL,Steel Authority of India Limited,Basic Materials,718298284032.0
SAILIFE,Sai Life Sciences Limited,Healthcare,262173229056.0
SAIPARENT,Sai Parenterals Limited,Healthcare,26763778048.0
SAKAR,Sakar Healthcare Limited,Healthcare,18065872896.0
SAKHTISUG,Sakthi Sugars Limited,Consumer Defensive,2064950144.0
SAKSOFT,Saksoft Limited,Technology,17978025984.0
SAKUMA,Sakuma Exports Limited,Consumer Defensive,3010019840.0
SALASAR,Salasar Techno Engineering Limited,Basic Materials,12392968192.0
SALONA,Salona Cotspin Limited,Consumer Cyclical,1415585536.0
SALSTEEL,S.A.L. Steel Limited,Basic Materials,8329876480.0
SALZERELEC,Salzer Electronics Limited,Industrials,11980937216.0
SAMBHAAV,Sambhaav Media Limited,Communication Services,1261331584.0
SAMBHV,Sambhv Steel Tubes Limited,Basic Materials,33324390400.0
SAMHI,Samhi Hotels Limited,Consumer Cyclical,39899840512.0
SAMMAANCAP,Sammaan Capital Limited,Financial Services,201674964992.0
SAMPANN,Sampann Utpadan India Limited,Basic Materials,1317869952.0
SANATHAN,Sanathan Textiles Limited,Consumer Cyclical,37568245760.0
SANDESH,The Sandesh Limited,Communication Services,7520976384.0
SANDHAR,Sandhar Technologies Limited,Consumer Cyclical,42907471872.0
SANDUMA,Sandur Manganese & Iron Ores Limited,Basic Materials,103705600000.0
SANGAMIND,Sangam (India) Limited,Consumer Cyclical,26247720960.0
SANGHVIMOV,Sanghvi Movers Limited,Industrials,37664886784.0
SANGINITA,Sanginita Chemicals Limited,Basic Materials,1015081728.0
SANOFI,Sanofi India Limited,Healthcare,78186659840.0
SANOFICONR,Sanofi Consumer Healthcare India Limited,Healthcare,108670541824.0
SANSERA,Sansera Engineering Limited,Consumer Cyclical,194070839296.0
SANSTAR,Sanstar Limited,Basic Materials,22580064256.0
SAPPHIRE,Sapphire Foods India Limited,Consumer Cyclical,60883046400.0
SAPPL,Shree Ajit Pulp & Paper Limited,,
SARDAEN,Sarda Energy & Minerals Limited,Basic Materials,187995406336.0
SAREGAMA,Saregama India Limited,Communication Services,93119545344.0
SARLAPOLY,Sarla Performance Fibers Limited,Consumer Cyclical,7776983552.0
SARVESHWAR,Sarveshwar Foods Limited,Consumer Defensive,4852608512.0
SASKEN,Sasken Technologies Limited,Technology,36329074688.0
SATIA,Satia Industries Limited,Basic Materials,5716999680.0
SATIN,Satin Creditcare Network Limited,Financial Services,25626107904.0
SAURASHCEM,Saurashtra Cement Limited,Basic Materials,6761568768.0
SAYAJIHOTL,Sayaji Hotels Limited,Consumer Cyclical,5132766720.0
SBC,SBC Exports Limited,Industrials,19819028480.0
SBCL,Shivalik Bimetal Controls Limited,Industrials,42857525248.0
SBFC,SBFC Finance Limited,Financial Services,102271713280.0
SBGLP,Suratwwala Business Group Limited,Real Estate,4526169600.0
SBICARD,SBI Cards and Payment Services Limited,Financial Services,592043704320.0
SBILIFE,SBI Life Insurance Company Limited,Financial Services,1812052967424.0
SBIN,State Bank of India,Financial Services,9601687748608.0
SCANSTL,Scan Steels Limited,,
SCHAEFFLER,Schaeffler India Limited,Consumer Cyclical,668932833280.0
SCHAND,S Chand And Company Limited,Communication Services,5347617280.0
SCHNEIDER,Schneider Electric Infrastructure Limited,Industrials,345337954304.0
SCI,Shipping Corporation Of India Limited,Industrials,150313353216.0
SCILAL,Shipping Corporation of India Land and Assets Limited,Real Estate,21543204864.0
SCODATUBES,Scoda Tubes Limited,Basic Materials,9004906496.0
SCPL,Sheetal Cool Products Limited,Consumer Defensive,5142374912.0
SDBL,Som Distilleries & Breweries Limited,Consumer Defensive,15054134272.0
SEAMECLTD,Seamec Limited,Industrials,35699208192.0
SECMARK,SecMark Consultancy Limited,Industrials,1424910208.0
SECURKLOUD,SECUREKLOUD TECHNOLOGIES LIMITED,Technology,648165696.0
SEDEMAC,SEDEMAC Mechatronics Limited,Consumer Cyclical,128143171584.0
SEIL,Shanti Educational Initiatives Limited,,
SEJALLTD,Sejal Glass Limited,Industrials,9341861888.0
SELMC,SEL Manufacturing Company Limited,Consumer Cyclical,998031424.0
SEMAC,Semac Construction Limited,Industrials,1002993856.0
SENCO,Senco Gold Limited,Consumer Cyclical,55254585344.0
SENORES,Senores Pharmaceuticals Limited,Healthcare,60431515648.0
SEPC,SEPC Limited,Industrials,14143882240.0
SERVOTECH,Servotech Renewable Power System Limited,Industrials,23036188672.0
SESHAPAPER,Seshasayee Paper and Boards Limited,Basic Materials,14193484800.0
SETCO,Setco Automotive Limited,Consumer Cyclical,2305317888.0
SETL,Standard Engineering Technology Limited,Industrials,43994472448.0
SEYAIND,Seya Industries Limited,Basic Materials,388542688.0
SFL,Sheela Foam Limited,Consumer Cyclical,82164572160.0
SGFIN,SG Finserve Limited,Financial Services,38670479360.0
SGIL,Synergy Green Industries Limited,Industrials,9477903360.0
SGL,STL Global Limited,Consumer Cyclical,289163296.0
SGMART,SG Mart Limited,Industrials,74883817472.0
SHADOWFAX,Shadowfax Technologies Limited,Industrials,129631346688.0
SHAH,Shah Metacorp Limited,Basic Materials,4073042944.0
SHAHALLOYS,Shah Alloys Limited,Basic Materials,1379294592.0
SHAILY,Shaily Engineering Plastics Limited,Basic Materials,128667099136.0
SHAKTIPUMP,Shakti Pumps (India) Limited,Industrials,70102384640.0
SHALBY,Shalby Limited,Healthcare,18736506880.0
SHALPAINTS,Shalimar Paints Limited,Basic Materials,4537982976.0
SHANKARA,Shankara Building Products Limited,Consumer Cyclical,3012736256.0
SHANTI,Shanti Overseas (India) Limited,Consumer Defensive,73077480.0
SHANTIGEAR,Shanthi Gears Limited,Industrials,34613714944.0
SHANTIGOLD,Shanti Gold International Limited,Consumer Cyclical,16024777728.0
SHARDACROP,Sharda Cropchem Limited,Basic Materials,81802928128.0
SHARDAMOTR,Sharda Motor Industries Limited,Consumer Cyclical,47768977408.0
SHARDUL,Shardul Securities Limited,Financial Services,
SHAREINDIA,Share India Securities Limited,Financial Services,30456135680.0
SHBAJRG,Shri Bajrang Alliance Limited,,
SHEKHAWATI,Shekhawati Industries Limited,Consumer Cyclical,508087808.0
SHEMAROO,Shemaroo Entertainment Limited,Communication Services,4038043648.0
SHILCTECH,Shilchar Technologies Limited,Industrials,53251842048.0
SHILPAMED,Shilpa Medicare Limited,Healthcare,114033983488.0
SHINDL,Sharat Industries Limited,,
SHIVALIK,Shivalik Rasayan Limited,Basic Materials,3468038912.0
SHIVAMAUTO,Shivam Autotech Limited,Consumer Cyclical,2275691264.0
SHIVAMILLS,Shiva Mills Limited,Consumer Cyclical,551347328.0
SHIVATEX,Shiva Texyarn Limited,Consumer Cyclical,2033394432.0
SHIVAUM,Shiv Aum Steels Limited,Basic Materials,5045748224.0
SHK,S H Kelkar and Company Limited,Basic Materials,19174049792.0
SHOPERSTOP,Shoppers Stop Limited,Consumer Cyclical,39501746176.0
SHRADHA,Shradha Realty Limited,Real Estate,2022921856.0
SHREDIGCEM,Shree Digvijay Cement Co.Ltd,Basic Materials,11102025728.0
SHREECEM,SHREE CEMENT LIMITED,Basic Materials,904544321536.0
SHREEJISPG,Shreeji Shipping Global Limited,Industrials,80888913920.0
SHREEPUSHK,Shree Pushkar Chemicals & Fertilisers Limited,Basic Materials,12611699712.0
SHREERAMA,Shree Rama Multi-Tech Limited,Consumer Cyclical,5779164672.0
SHREYANIND,Shreyans Industries Limited,Basic Materials,1955344384.0
SHRIKRISH,Shri Krishna Devcon Limited,,
SHRINGARMS,Shringar House of Mangalsutra Limited,Consumer Cyclical,20032800768.0
SHRIPISTON,Shriram Pistons & Rings Limited,Consumer Cyclical,169327525888.0
SHRIRAMFIN,Shriram Finance Limited,Financial Services,2361150406656.0
SHRIRAMPPS,Shriram Properties Limited,Real Estate,15785532416.0
SHYAMCENT,Shyam Century Ferrous Limited,Basic Materials,1109664768.0
SHYAMMETL,Shyam Metalics and Energy Limited,Basic Materials,267847565312.0
SHYAMTEL,Shyam Telecom Limited,Technology,239804816.0
SICAGEN,Sicagen India Limited,Basic Materials,2216014336.0
SIEMENS,Siemens Limited,Industrials,1341862051840.0
SIGACHI,Sigachi Industries Limited,Healthcare,9673055232.0
SIGIND,Signet Industries Limited,Industrials,1451244032.0
SIGMA,Sigma Solve Limited,Technology,3957864192.0
SIGMAADV,SIGMA ADVANCED SYSTEMS LIMITED,Industrials,102016352256.0
SIGNATURE,Signatureglobal (India) Limited,Real Estate,111720046592.0
SIGNPOST,Signpost India Limited,Communication Services,13672510464.0
SIKA,Sika Interplant Systems Limited,,
SIKKO,Sikko Industries Limited,Basic Materials,1720992000.0
SIL,Standard Industries Limited,Consumer Cyclical,1017040576.0
SILGO,Silgo Retail Limited,Consumer Cyclical,1988672640.0
SILINV,SIL Investments Limited,Financial Services,4536087552.0
SILLYMONKS,Silly Monks Entertainment Limited,Communication Services,179616768.0
SILVERTUC,Silver Touch Technologies Limited,Technology,24649328640.0
SIMPLEXINF,Simplex Infrastructures Limited,Industrials,21233145856.0
SINCLAIR,Sinclairs Hotels Limited,Consumer Cyclical,4067480832.0
SINDHUTRAD,Sindhu Trade Links Limited,Industrials,38794928128.0
SINGERIND,Singer India Limited,,
SINTERCOM,Sintercom India Limited,Consumer Cyclical,2138911872.0
SIRCA,Sirca Paints India Limited,Basic Materials,23447789568.0
SIS,SIS LIMITED,Industrials,61303332864.0
SIYSIL,Siyaram Silk Mills Limited,Consumer Cyclical,28510564352.0
SJS,S.J.S. Enterprises Limited,Consumer Cyclical,69787238400.0
SJVN,SJVN Limited,Utilities,289743798272.0
SKFINDIA,SKF India Limited,Industrials,82912411648.0
SKFINDUS,SKF India (Industrial) Limited,Industrials,144497278976.0
SKIPPER,Skipper Limited,Industrials,61905281024.0
SKMEGGPROD,SKM Egg Products Export (India) Limited,Consumer Defensive,13105430528.0
SKYGOLD,SKY GOLD AND DIAMONDS LIMITED,Consumer Cyclical,77034274816.0
SMARTLINK,Smartlink Holdings Limited,Technology,1765575040.0
SMARTWORKS,Smartworks Coworking Spaces Limited,Real Estate,53857431552.0
SMCGLOBAL,SMC Global Securities Limited,Financial Services,15439063040.0
SMLMAH,SML Mahindra Limited,Consumer Cyclical,59490037760.0
SMLT,Sarthak Metals Limited,Industrials,999214848.0
SMSPHARMA,SMS Pharmaceuticals Limited,Healthcare,35864047616.0
SNOWMAN,Snowman Logistics Limited,Industrials,6640022016.0
SOBHA,Sobha Limited,Real Estate,152751456256.0
SOFTTECH,Softtech Engineers Limited,Technology,5997106176.0
SOLARA,Solara Active Pharma Sciences Limited,Healthcare,28515805184.0
SOLARINDS,Solar Industries India Limited,Basic Materials,1669812977664.0
SOLARWORLD,Solarworld Energy Solutions Limited,Technology,16352529408.0
SOLEX,Solex Energy Limited,Technology,12277028864.0
SOMANYCERA,Somany Ceramics Limited,Industrials,21228228608.0
SOMATEX,Soma Textiles & Industries Limited,Consumer Cyclical,3261520896.0
SOMICONVEY,Somi Conveyor Beltings Limited,Industrials,1199035264.0
SONACOMS,Sona BLW Precision Forgings Limited,Consumer Cyclical,386905669632.0
SONAL,Sonal Mercantile Limited,,
SONAMLTD,SONAM LIMITED,Consumer Cyclical,2143713536.0
SONATSOFTW,Sonata Software Limited,Technology,80588709888.0
SOTL,Savita Oil Technologies Limited,Basic Materials,40670040064.0
SOUTHBANK,The South Indian Bank Limited,Financial Services,120724586496.0
SOUTHWEST,South West Pinnacle Exploration Limited,Energy,7535060992.0
SPAL,S. P. Apparels Limited,Consumer Cyclical,24158468096.0
SPANDANA,Spandana Sphoorty Financial Limited,Financial Services,23312189440.0
SPARC,Sun Pharma Advanced Research Company Limited,Healthcare,79072935936.0
SPCENET,Spacenet Enterprises India Limited,Financial Services,2418555392.0
SPECIALITY,Speciality Restaurants Limited,Consumer Cyclical,6295235072.0
SPECTRUM,Spectrum Electrical Industries Limited,Industrials,28212629504.0
SPENCERS,Spencer's Retail Limited,Consumer Cyclical,3451960320.0
SPIC,Southern Petrochemicals Industries Corporation  Limited,Basic Materials,14539920384.0
SPLIL,SPL Industries Limited,Consumer Cyclical,939327360.0
SPLPETRO,Supreme Petrochem Limited,Basic Materials,144979869696.0
SPMLINFRA,SPML Infra Limited,Industrials,17769938944.0
SPORTKING,Sportking India Limited,Consumer Cyclical,22637615104.0
SRD,Shankar Lal Rampal Dye-Chem Limited,Basic Materials,2609844480.0
SREEL,Sreeleathers Limited,Consumer Cyclical,5001482752.0
SRF,SRF Limited,Industrials,819947962368.0
SRGHFL,SRG Housing Finance Limited,Financial Services,4608209920.0
SRHHYPOLTD,Sree Rayalaseema Hi-Strength Hypo Limited,Basic Materials,8523191296.0
SRM,SRM Contractors Limited,Industrials,11899959296.0
SRTL,Shree Ram Twistex Limited,Consumer Cyclical,1592204288.0
SSDL,Saraswati Saree Depot Limited,Consumer Cyclical,2316984320.0
SSWL,Steel Strips Wheels Limited,Consumer Cyclical,36555444224.0
STALLION,Stallion India Fluorochemicals Limited,Basic Materials,23114991616.0
STANLEY,Stanley Lifestyles Limited,Consumer Cyclical,8729372672.0
STAR,Strides Pharma Science Limited,Healthcare,104938635264.0
STARCEMENT,Star Cement Limited,Basic Materials,85839839232.0
STARHEALTH,Star Health and Allied Insurance Company Limited,Financial Services,348746776576.0
STARPAPER,Star Paper Mills Limited,Basic Materials,2196027392.0
STARTECK,Starteck Finance Limited,Financial Services,2804623360.0
STCINDIA,The State Trading Corporation of India Limited,Industrials,8093999616.0
STEELCAS,Steelcast Limited,Basic Materials,31038042112.0
STEELCITY,Steel City Securities Limited,Financial Services,1199352320.0
STEELXIND,STEEL EXCHANGE INDIA LIMITED,Basic Materials,16785822720.0
STEL,Stel Holdings Limited,Financial Services,11367606272.0
STERTOOLS,Sterling Tools Limited,Industrials,9534959616.0
STLNETWORK,STL Networks Limited,Communication Services,14251834368.0
STLTECH,Sterlite Technologies Limited,Technology,298685366272.0
STOVEKRAFT,Stove Kraft Limited,Consumer Cyclical,24800692224.0
STUDDS,Studds Accessories Limited,Consumer Cyclical,19497641984.0
STYL,Seshaasai Technologies Limited,Technology,49836195840.0
STYLAMIND,Stylam Industries Limited,Consumer Cyclical,54013575168.0
STYLEBAAZA,Baazar Style Retail Limited,Consumer Cyclical,23138840576.0
STYRENIX,Styrenix Performance Materials Limited,Basic Materials,42053406720.0
SUBEXLTD,Subex Limited,Technology,6514000896.0
SUBROS,Subros Limited,Consumer Cyclical,57016045568.0
SUDARCOLOR,Sudarshan Colorants India Limited,Basic Materials,8419085824.0
SUDARSCHEM,Sudarshan Chemical Industries Limited,Basic Materials,72128446464.0
SUDEEPPHRM,Sudeep Pharma Limited,Healthcare,96593666048.0
SUKHJITS,Sukhjit Starch & Chemicals Limited,Basic Materials,5534874624.0
SULA,Sula Vineyards Limited,Consumer Defensive,13259905024.0
SUMEET-RE,Sumeet Industries Limited-RE,,
SUMEETINDS,Sumeet Industries Limited,Consumer Cyclical,16652067840.0
SUMICHEM,Sumitomo Chemical India Limited,Basic Materials,219748909056.0
SUMIT,Sumit Woods Limited,Real Estate,1810750080.0
SUMMITSEC,Summit Securities Limited,Financial Services,17303609344.0
SUNCLAY,Sundaram Clayton Limited,Industrials,29674133504.0
SUNDARAM,Sundaram Multi Pap Limited,Basic Materials,639734976.0
SUNDARMFIN,Sundaram Finance Limited,Financial Services,500532477952.0
SUNDRMBRAK,Sundaram Brake Linings Limited,Consumer Cyclical,3387668992.0
SUNDRMFAST,Sundram Fasteners Limited,Consumer Cyclical,185732464640.0
SUNDROP,Sundrop Brands Limited,Consumer Defensive,24744214528.0
SUNFLAG,Sunflag Iron And Steel Company Limited,Basic Materials,64122081280.0
SUNPHARMA,Sun Pharmaceutical Industries Limited,Healthcare,4534502948864.0
SUNTECK,Sunteck Realty Limited,Real Estate,48017342464.0
SUNTV,Sun TV Network Limited,Communication Services,206106247168.0
SUPERHOUSE,Superhouse Limited,Consumer Cyclical,1741729408.0
SUPERSPIN,Super Spinning Mills Limited,Consumer Cyclical,287974240.0
SUPRAJIT,Suprajit Engineering Limited,Consumer Cyclical,65704980480.0
SUPREME,Supreme Holdings & Hospitality (India) Limited,Real Estate,1798110592.0
SUPREMEIND,Supreme Industries Limited,Industrials,462577729536.0
SUPREMEINF,Supreme Infrastructure India Limited,Industrials,7382908928.0
SUPRIYA,Supriya Lifescience Limited,Healthcare,76688031744.0
SURAJEST,Suraj Estate Developers Limited,Real Estate,9349454848.0
SURAJLTD,Suraj Limited,Basic Materials,4187014912.0
SURAKSHA,Suraksha Diagnostic Limited,Healthcare,14530532352.0
SURANASOL,Surana Solar Limited,Technology,1336451200.0
SURANAT&P,Surana Telecom and Power Limited,Utilities,2643246592.0
SURYALA,Suryalata Spinning Mills Limited,,
SURYALAXMI,Suryalakshmi Cotton Mills Limited,Consumer Cyclical,1127377152.0
SURYAROSNI,Surya Roshni Limited,Basic Materials,57010020352.0
SURYODAY,Suryoday Small Finance Bank Limited,Financial Services,18648549376.0
SUTLEJTEX,Sutlej Textiles and Industries Limited,Consumer Cyclical,6308675072.0
SUVEN,Suven Life Sciences Limited,Healthcare,71937974272.0
SUVIDHAA,Suvidhaa Infoserve Limited,Technology,591524096.0
SUYOG,Suyog Telematics Limited,Communication Services,9595150336.0
SUZLON,Suzlon Energy Limited,Industrials,810146529280.0
SVLL,Shree Vasu Logistics Limited,Industrials,8205927424.0
SVPGLOB,SVP GLOBAL TEXTILES LIMITED,Consumer Cyclical,527505024.0
SWANCORP,SWAN CORP LIMITED,Industrials,105556606976.0
SWANDEF,Swan Defence and Heavy Industries Limited,Industrials,112471121920.0
SWARAJENG,Swaraj Engines Limited,Consumer Cyclical,48186363904.0
SWELECTES,Swelect Energy Systems Limited,Technology,9670531072.0
SWIGGY,Swiggy Limited,Consumer Cyclical,672231849984.0
SWSOLAR,Sterling and Wilson Renewable Energy Limited,Technology,57831485440.0
SYMPHONY,Symphony Limited,Consumer Cyclical,48162684928.0
SYNCOMF,Syncom Formulations (India) Limited,Healthcare,13319799808.0
SYNGENE,Syngene International Limited,Healthcare,180611973120.0
SYRMA,Syrma SGS Technology Limited,Technology,267170840576.0
SYSTMTXC,Systematix Corporate Services Limited,Financial Services,9025288192.0
TAALTECH,Taal Tech Limited,,
TAINWALCHM,Tainwala Chemical and Plastic (I) Limited,Basic Materials,1863408768.0
TAJGVK,Taj GVK Hotels & Resorts Limited,Consumer Cyclical,21503479808.0
TAKE,Take Solutions Limited,Healthcare,4313637376.0
TALBROAUTO,Talbros Automotive Components Limited,Consumer Cyclical,22459789312.0
TAMBOLIIN,Tamboli Industries Limited,,
TANLA,Tanla Platforms Limited,Technology,69701738496.0
TARACHAND,Tara Chand InfraLogistic Solutions Limited,Industrials,4660916224.0
TARAPUR,Tarapur Transformers Limited,Industrials,383955232.0
TARC,TARC Limited,Real Estate,38164807680.0
TARIL,Transformers And Rectifiers (India) Limited,Industrials,106738966528.0
TARMAT,Tarmat Limited,Industrials,1333418496.0
TARSONS,Tarsons Products Limited,Healthcare,14180005888.0
TASTYBITE,Tasty Bite Eatables Limited,Consumer Defensive,21878999040.0
TATACAP,Tata Capital Limited,Financial Services,1507467591680.0
TATACHEM,Tata Chemicals Limited,Basic Materials,188188459008.0
TATACOMM,Tata Communications Limited,Communication Services,581263163392.0
TATACONSUM,TATA CONSUMER PRODUCTS LIMITED,Consumer Defensive,1111866474496.0
TATAELXSI,Tata Elxsi Limited,Technology,255822888960.0
TATAINVEST,Tata Investment Corporation Limited,Financial Services,348348612608.0
TATAPOWER,Tata Power Company Limited,Utilities,1284366794752.0
TATASTEEL,Tata Steel Limited,Basic Materials,2460695658496.0
TATATECH,Tata Technologies Limited,Technology,306122489856.0
TATVA,Tatva Chintan Pharma Chem Limited,Basic Materials,28047075328.0
TBOTEK,TBO Tek Limited,Consumer Cyclical,157506371584.0
TBZ,Tribhovandas Bhimji Zaveri Limited,Consumer Cyclical,12963089408.0
TCC,TCC Concept Limited,,
TCI,Transport Corporation of India Limited,Industrials,73290326016.0
TCIEXP,TCI Express Limited,Industrials,20846143488.0
TCIFINANCE,TCI Finance Limited,Financial Services,264143568.0
TCPLPACK,TCPL Packaging Limited,Consumer Cyclical,26788669440.0
TCS,Tata Consultancy Services Limited,Technology,7548777267200.0
TDPOWERSYS,TD Power Systems Limited,Industrials,212798750720.0
TEAMGTY,Team India Guaranty Limited,Financial Services,2190731264.0
TEAMLEASE,Teamlease Services Limited,Industrials,24239165440.0
TECHM,Tech Mahindra Limited,Technology,1255298826240.0
TECHNOE,Techno Electric & Engineering Company Limited,Industrials,128394731520.0
TECHNVISN,TechNVision Ventures Limited,,
TECILCHEM,TECIL Chemicals and Hydro Power Limited,Financial Services,212963136.0
TEGA,Tega Industries Limited,Industrials,136800026624.0
TEJASNET,Tejas Networks Limited,Technology,110782078976.0
TEMBO,Tembo Global Industries Limited,Industrials,8735844352.0
TENNIND,Tenneco Clean Air India Limited,Consumer Cyclical,
TERASOFT,Tera Software Limited,Technology,5261243392.0
TEXINFRA,Texmaco Infrastructure & Holdings Limited,Real Estate,13983794176.0
TEXMOPIPES,Texmo Pipes and Products Limited,Industrials,1397272704.0
TEXRAIL,Texmaco Rail & Engineering Limited,Industrials,46345945088.0
TFCILTD,Tourism Finance Corporation of India Limited,Financial Services,34172350464.0
TFL,Transwarranty Finance Limited,Financial Services,687850048.0
TGBHOTELS,TGB Banquets And Hotels Limited,Consumer Cyclical,266506256.0
THACKER,Thacker & Company Limited,,
THAKDEV,Thakkers Developers Limited,,
THANGAMAYL,Thangamayil Jewellery Limited,Consumer Cyclical,173008748544.0
THEINVEST,The Investment Trust Of India Limited,Financial Services,5187652096.0
THEJO,Thejo Engineering Limited,Industrials,19673405440.0
THELEELA,Leela Palaces Hotels & Resorts Limited,Consumer Cyclical,164323966976.0
THEMISMED,Themis Medicare Limited,Healthcare,11267710976.0
THERMAX,Thermax Limited,Industrials,550086049792.0
THOMASCOOK,Thomas Cook  (India)  Limited,Consumer Cyclical,53650374656.0
THOMASCOTT,Thomas Scott (India) Limited,Consumer Cyclical,4547817984.0
THYROCARE,Thyrocare Technologies Limited,Healthcare,86822707200.0
TI,Tilaknagar Industries Limited,Consumer Defensive,108878749696.0
TICL,Twamev Construction and Infrastructure Limited,Industrials,3025600000.0
TIGERLOGS,Tiger Logistics (India) Limited,Industrials,3963630336.0
TIIL,Technocraft Industries (India) Limited,Industrials,59516096512.0
TIINDIA,Tube Investments of India Limited,Industrials,634652459008.0
TIJARIA,Tijaria Polypipes Limited,Industrials,136371328.0
TIL,TIL Limited,Industrials,17406674944.0
TIMETECHNO,Time Technoplast Limited,Consumer Cyclical,88617426944.0
TIMEX,Timex Group India Limited,Consumer Cyclical,49415024640.0
TIMKEN,Timken India Limited,Industrials,286613471232.0
TINNARUBR,Tinna Rubber and Infrastructure Limited,Basic Materials,16724026368.0
TIPSFILMS,Tips Films Limited,Communication Services,1484262912.0
TIPSMUSIC,Tips Music Limited,Communication Services,84598947840.0
TIRUMALCHM,Thirumalai Chemicals Limited,Basic Materials,20919523328.0
TIRUPATIFL,Tirupati Forge Limited,Industrials,5736580096.0
TITAGARH,TITAGARH RAIL SYSTEMS LIMITED,Industrials,124640567296.0
TITAN,Titan Company Limited,Consumer Cyclical,3913643720704.0
TMB,Tamilnad Mercantile Bank Limited,Financial Services,121582247936.0
TMCV,Tata Motors Limited,Consumer Cyclical,1492328644608.0
TMPV,Tata Motors Passenger Vehicles Limited,Consumer Cyclical,1319469318144.0
TNPETRO,Tamilnadu PetroProducts Limited,Basic Materials,8143318016.0
TNPL,Tamil Nadu Newsprint & Papers Limited,Basic Materials,10183647232.0
TNTELE,Tamilnadu Telecommunication Limited,Technology,424833312.0
TOKYOPLAST,Tokyo Plast International Limited,Consumer Cyclical,803818432.0
TOLINS,Tolins Tyres Limited,Consumer Cyclical,4323056128.0
TORNTPHARM,Torrent Pharmaceuticals Limited,Healthcare,1542397362176.0
TORNTPOWER,Torrent Power Limited,Utilities,738168340480.0
TOTAL,Total Transport Systems Limited,Industrials,819250240.0
TOUCHWOOD,Touchwood Entertainment Limited,Communication Services,828766400.0
TPHQ,Teamo Productions HQ Limited,Industrials,548109824.0
TPLPLASTEH,TPL Plastech Limited,Consumer Cyclical,5755061248.0
TRACXN,Tracxn Technologies Limited,Technology,3280652032.0
TRANSPEK,Transpek Industry Limited,Basic Materials,5748108800.0
TRANSRAILL,Transrail Lighting Limited,Industrials,69933973504.0
TRANSWORLD,TRANSWORLD SHIPPING LINES LIMITED,Industrials,3776695552.0
TRAVELFOOD,Travel Food Services Limited,Consumer Cyclical,179742507008.0
TREEHOUSE,Tree House Education & Accessories Limited,Consumer Defensive,294482656.0
TREJHARA,TREJHARA SOLUTIONS LIMITED,Technology,3544680448.0
TREL,Transindia Real Estate Limited,Real Estate,6429851648.0
TRENT,Trent Limited,Consumer Cyclical,1706503307264.0
TRF,TRF Limited,Industrials,2867859712.0
TRIDENT,Trident Limited,Consumer Cyclical,133045706752.0
TRIGYN,Trigyn Technologies Limited,Technology,1749861248.0
TRITURBINE,Triveni Turbine Limited,Industrials,230823526400.0
TRIVENI,Triveni Engineering & Industries Limited,Consumer Defensive,92894019584.0
TRU,TruCap Finance Limited,Financial Services,689398912.0
TRUALT,TruAlt Bioenergy Limited,Energy,41041190912.0
TSFINV,TSF INVESTMENTS LIMITED,Financial Services,88045010944.0
TTKHLTCARE,TTK Healthcare Limited,Healthcare,13189253120.0
TTKPRESTIG,TTK Prestige Limited,Consumer Cyclical,76692545536.0
TTL,T T Limited,Consumer Cyclical,1782345600.0
TTML,Tata Teleservices (Maharashtra) Limited,Communication Services,86798794752.0
TVSELECT,TVS Electronics Limited,Technology,9091973120.0
TVSHLTD,TVS Holdings Limited,Consumer Cyclical,274306859008.0
TVSMOTOR,TVS Motor Company Limited,Consumer Cyclical,1665335296000.0
TVSSCS,TVS Supply Chain Solutions Limited,Industrials,60666662912.0
TVSSRICHAK,TVS Srichakra Limited,Consumer Cyclical,32312750080.0
TVTODAY,TV Today Network Limited,Communication Services,6866067456.0
TVVISION,TV Vision Limited,Communication Services,201471392.0
UBL,United Breweries Limited,Consumer Defensive,353271709696.0
UCAL,UCAL LIMITED,Consumer Cyclical,2543066880.0
UCOBANK,UCO Bank,Financial Services,341326790656.0
UDS,Updater Services Limited,Industrials,12158453760.0
UEL,Ujaas Energy Limited,Technology,19007854592.0
UFBL,United Foodbrands Limited,Consumer Cyclical,25712979968.0
UFLEX,UFLEX Limited,Consumer Cyclical,30946232320.0
UFO,UFO Moviez India Limited,Communication Services,2949921536.0
UGARSUGAR,The Ugar Sugar Works Limited,Consumer Defensive,4476375040.0
UGROCAP,Ugro Capital Limited,Financial Services,14998842368.0
UJJIVANSFB,Ujjivan Small Finance Bank Limited,Financial Services,109245562880.0
ULTRACEMCO,UltraTech Cement Limited,Basic Materials,3353827868672.0
ULTRAMAR,Ultramarine & Pigments Limited,Basic Materials,
UMAEXPORTS,Uma Exports Limited,Consumer Defensive,786078592.0
UMESLTD,Usha Martin Education & Solutions Limited,Consumer Defensive,150495040.0
UMIYA-MRO,UMIYA BUILDCON LIMITED,Real Estate,1756726272.0
UNICHEMLAB,Unichem Laboratories Limited,Healthcare,31978293248.0
UNIDT,United Drilling Tools Limited,Energy,4395627008.0
UNIECOM,Unicommerce Esolutions Limited,Technology,10057935872.0
UNIENTER,Uniphos Enterprises Limited,Basic Materials,7672297984.0
UNIINFO,Uniinfo Telecom Services Limited,Communication Services,128210504.0
UNIMECH,Unimech Aerospace and Manufacturing Limited,Industrials,59599183872.0
UNIONBANK,Union Bank of India,Financial Services,1332980219904.0
UNIPARTS,Uniparts India Limited,Industrials,30720659456.0
UNITDSPR,United Spirits Limited,Consumer Defensive,977190780928.0
UNITECH,Unitech Limited,Real Estate,12662897664.0
UNITEDPOLY,United Polyfab Gujarat Limited,Consumer Cyclical,7638275584.0
UNITEDTEA,The United Nilgiri Tea Estates Company Limited,Consumer Defensive,2458060800.0
UNIVASTU,Univastu India Limited,Industrials,3303585536.0
UNIVCABLES,Universal Cables Limited,Industrials,45690347520.0
UNIVPHOTO,Universus Photo Imagings Limited,Healthcare,3779862272.0
UNOMINDA,UNO Minda Limited,Consumer Cyclical,646301286400.0
UPL,UPL Limited,Basic Materials,514651226112.0
URAVIDEF,Uravi Defence and Technology Limited,Consumer Cyclical,1301310080.0
URBANCO,Urban Company Limited,Technology,199587659776.0
URJA,Urja Global Limited,Technology,5599920640.0
USHAMART,Usha Martin Limited,Basic Materials,145046732800.0
USK,Udayshivakumar Infra Limited,Industrials,1360678656.0
UTIAMC,UTI Asset Management Company Limited,Financial Services,121533554688.0
UTKARSHBNK,Utkarsh Small Finance Bank Limited,Financial Services,26070022144.0
UTLSOLAR,Fujiyama Power Systems Limited,Technology,98745638912.0
UTTAMSUGAR,Uttam Sugar Mills Limited,Consumer Defensive,8905250816.0
UYFINCORP,U. Y. Fincorp Limited,Financial Services,2754651136.0
V2RETAIL,V2 Retail Limited,Consumer Cyclical,87505715200.0
VADILALIND,Vadilal Industries Limited,Consumer Defensive,45856915456.0
VAIBHAVGBL,Vaibhav Global Limited,Consumer Cyclical,41217372160.0
VAISHALI,Vaishali Pharma Limited,Healthcare,978465984.0
VAKRANGEE,Vakrangee Limited,Technology,6802444800.0
VALIANTLAB,Valiant Laboratories Limited,Healthcare,3657946880.0
VALIANTORG,Valiant Organics Limited,Basic Materials,8069647872.0
VAML,Vedanta Aluminium Metal Limited,Basic Materials,1846548496384.0
VARDHACRLC,Vardhman Acrylics Limited,Consumer Cyclical,3576990208.0
VARDMNPOLY,Vardhman Polytex Limited,Consumer Cyclical,3429434880.0
VARROC,Varroc Engineering Limited,Consumer Cyclical,94315388928.0
VASCONEQ,Vascon Engineers Limited,Industrials,8338957824.0
VASWANI,Vaswani Industries Limited,Basic Materials,1821853952.0
VBL,Varun Beverages Limited,Consumer Defensive,1741375012864.0
VCL,Vaxtex Cotfab Limited,Consumer Cyclical,226015232.0
VEDL,Vedanta Limited,Basic Materials,1116773285888.0
VEDPOWER,Vedanta Power Limited,Utilities,176428793856.0
VEEDOL,Veedol Corporation Limited,Basic Materials,25235668992.0
VELJAN,Veljan Denison Limited,,
VENKEYS,Venky's (India) Limited,Consumer Defensive,20392826880.0
VENTIVE,Ventive Hospitality Limited,Consumer Cyclical,152082300928.0
VENUSPIPES,Venus Pipes & Tubes Limited,Basic Materials,34939789312.0
VENUSREM,Venus Remedies Limited,Healthcare,22884403200.0
VERANDA,Veranda Learning Solutions Limited,Consumer Defensive,23694899200.0
VERTOZ,Vertoz Limited,Technology,3537044992.0
VESUVIUS,Vesuvius India Limited,Industrials,97827102720.0
VETO,Veto Switchgears And Cables Limited,Industrials,2484944384.0
VGL,VARVEE GLOBAL LIMITED,Consumer Cyclical,3597217024.0
VGUARD,V-Guard Industries Limited,Industrials,136588558336.0
VHL,Vardhman Holdings Limited,Financial Services,11649425408.0
VHLTD,Viceroy Hotels Limited,Consumer Cyclical,9037940736.0
VIDHIING,Vidhi Specialty Food Ingredients Limited,Basic Materials,14234324992.0
VIDYAWIRES,Vidya Wires Limited,Industrials,22949500928.0
VIJAYA,Vijaya Diagnostic Centre Limited,Healthcare,135936868352.0
VIJIFIN,Viji Finance Limited,Financial Services,706800000.0
VIKASECO,Vikas EcoTech Limited,Basic Materials,2246256640.0
VIKASLIFE,Vikas Lifecare Limited,Consumer Defensive,2767926272.0
VIKRAMSOLR,Vikram Solar Limited,Technology,72003436544.0
VIKRAN,Vikran Engineering Limited,Industrials,18853296128.0
VIMTALABS,Vimta Labs Limited,Healthcare,25604616192.0
VINATIORGA,Vinati Organics Limited,Basic Materials,141159890944.0
VINCOFE,Vintage Coffee And Beverages Limited,Consumer Defensive,23817142272.0
VINDHYATEL,Vindhya Telelinks Limited,Industrials,26454681600.0
VINEETLAB,Vineet Laboratories Limited,Basic Materials,655125760.0
VINNY,Vinny Overseas Limited,Consumer Cyclical,548990976.0
VINYLINDIA,Vinyl Chemicals (India) Limited,Basic Materials,4670462464.0
VIPCLOTHNG,VIP Clothing Limited,Consumer Cyclical,2253238016.0
VIPIND,VIP Industries Limited,Consumer Cyclical,44774739968.0
VIPULLTD,Vipul Limited,Real Estate,1621034112.0
VIRINCHI,Virinchi Limited,Technology,1929550336.0
VISACHROME,VISA Chrome Limited,Basic Materials,6371001344.0
VISAKAIND,Visaka Industries Limited,Industrials,6886458880.0
VISHNU,Vishnu Chemicals Limited,Basic Materials,42472574976.0
VISHWARAJ,Vishwaraj Sugar Industries Limited,Consumer Defensive,1228548224.0
VISL,Vedanta Iron and Steel Limited,Basic Materials,110194737152.0
VITAL,Vital Chemtech Limited,Basic Materials,1318508032.0
VIVIANA,Viviana Power Tech Limited,Industrials,8726845440.0
VIVIDHA,Visagar Polytex Limited,Consumer Cyclical,163912304.0
VIVIMEDLAB,Vivimed Labs Limited,Healthcare,499141760.0
VIYASH,Viyash Scientific Limited,Healthcare,119154458624.0
VLEGOV,VL E-Governance & IT Solutions Limited,Technology,1442402688.0
VLSFINANCE,VLS Finance Limited,Financial Services,7732330496.0
VMART,V-Mart Retail Limited,Consumer Cyclical,61701406720.0
VMM,Vishal Mega Mart Limited,Consumer Cyclical,559528345600.0
VMSTMT,VMS TMT Limited,Basic Materials,2208588800.0
VOGL,Vedanta Oil and Gas Limited,Basic Materials,141408518144.0
VOLTAMP,Voltamp Transformers Limited,Industrials,109876985856.0
VOLTAS,Voltas Limited,Consumer Cyclical,439944347648.0
VPRPL,Vishnu Prakash R Punglia Limited,Industrials,3860604672.0
VRAJ,Vraj Iron and Steel Limited,Basic Materials,4040370944.0
VRLLOG,VRL Logistics Limited,Industrials,42084593664.0
VSSL,Vardhman Special Steels Limited,Basic Materials,27748790272.0
VSTIND,VST Industries Limited,Consumer Defensive,45251203072.0
VSTL,Vibhor Steel Tubes Limited,Basic Materials,2234344704.0
VSTTILLERS,V.S.T Tillers Tractors Limited,Industrials,39566450688.0
VTL,Vardhman Textiles Limited,Consumer Cyclical,189378330624.0
WAAREEENER,Waaree Energies Limited,Technology,887318052864.0
WAAREEINDO,Indosolar Limited,Technology,17101197312.0
WAAREERTL,Waaree Renewable Technologies Limited,Industrials,103839719424.0
WABAG,VA Tech Wabag Limited,Industrials,128107888640.0
WAKEFIT,Wakefit Innovations Limited,Consumer Cyclical,41247485952.0
WALCHANNAG,Walchandnagar Industries Limited,Industrials,20536061952.0
WANBURY,Wanbury Limited,Healthcare,9748092928.0
WCIL,Western Carriers (India) Limited,Industrials,10589068288.0
WEALTH,Wealth First Portfolio Managers Limited,Financial Services,10555909120.0
WEBELSOLAR,Websol Energy System Limited,Technology,46151577600.0
WEIZMANIND,Weizmann Limited,Consumer Cyclical,1361909632.0
WEL,Wonder Electricals Limited,Consumer Cyclical,12529747968.0
WELCORP,Welspun Corp Limited,Basic Materials,376331894784.0
WELENT,Welspun Enterprises Limited,Industrials,78025400320.0
WELINV,Welspun Investments and Commercials Limited,Financial Services,6508104704.0
WELSPLSOL,Welspun Specialty Solutions Limited,,
WELSPUNLIV,Welspun Living Limited,Consumer Cyclical,153775620096.0
WENDT,Wendt (India) Limited,Industrials,15569000448.0
WESTLIFE,WESTLIFE FOODWORLD LIMITED,Consumer Cyclical,76358393856.0
WEWIN,WE WIN LIMITED,Technology,508049984.0
WEWORK,WeWork India Management Limited,Real Estate,86986178560.0
WHEELS,Wheels India Limited,Consumer Cyclical,39486189568.0
WHIRLPOOL,Whirlpool of India Limited,Consumer Cyclical,102957785088.0
WILLAMAGOR,Williamson Magor & Company Limited,Financial Services,287056640.0
WINDLAS,Windlas Biotech Limited,Healthcare,17911214080.0
WINDMACHIN,Windsor Machines Limited,Industrials,32623853568.0
WIPL,The Western India Plywoods Limited,Basic Materials,1456427648.0
WIPRO,Wipro Limited,Technology,1863316013056.0
WOCKPHARMA,Wockhardt Limited,Healthcare,335335096320.0
WONDERLA,Wonderla Holidays Limited,Consumer Cyclical,31162777600.0
WORTHPERI,Worth Peripherals Limited,Consumer Cyclical,2077399424.0
WPIL,WPIL Limited,,
WSI,W S Industries (I) Limited,Industrials,5138113024.0
WSTCSTPAPR,West Coast Paper Mills Limited,Basic Materials,33562753024.0
XCHANGING,Xchanging Solutions Limited,Technology,7225645056.0
XELPMOC,Xelpmoc Design And Tech Limited,Technology,1261064832.0
XPROINDIA,Xpro India Limited,Basic Materials,31736662016.0
XTGLOBAL,Xtglobal Infotech Limited,Technology,4157834752.0
YASHO,Yasho Industries Limited,Basic Materials,35743494144.0
YATHARTH,Yatharth Hospital & Trauma Care Services Limited,Healthcare,83009282048.0
YATRA,Yatra Online Limited,Consumer Cyclical,17638948864.0
YESBANK,Yes Bank Limited,Financial Services,778391650304.0
YUKEN,Yuken India Limited,Industrials,9889152000.0
ZAGGLE,Zaggle Prepaid Ocean Services Limited,Technology,28832206848.0
ZEEL,Zee Entertainment Enterprises Limited,Communication Services,111996559360.0
ZEELEARN,Zee Learn Limited,Consumer Defensive,3178993408.0
ZEEMEDIA,Zee Media Corporation Limited,Communication Services,5409957888.0
ZENITHEXPO,Zenith Exports Limited,Consumer Cyclical,1168288128.0
ZENITHSTL,Zenith Steel Pipes & Industries Limited,Basic Materials,829494976.0
ZENSARTECH,Zensar Technologies Limited,Technology,101585182720.0
ZENTEC,Zen Technologies Limited,Industrials,177382932480.0
ZFCVINDIA,ZF Commercial Vehicle Control Systems India Limited,Consumer Cyclical,304277979136.0
ZFSTEERING,ZF Steering Gear (India) Limited,Consumer Cyclical,
ZIMLAB,Zim Laboratories Limited,Healthcare,6493356032.0
ZODIAC,Zodiac Energy Limited,,
ZODIACLOTH,Zodiac Clothing Company Limited,Consumer Cyclical,2223559680.0
ZOTA,Zota Health Care LImited,Healthcare,42198790144.0
ZSARACOM,Saraswati Commercial India Limited,,
ZUARI,Zuari Agro Chemicals Limited,Basic Materials,10039667712.0
ZUARIIND,ZUARI INDUSTRIES LIMITED,Industrials,8054321664.0
ZYDUSLIFE,Zydus Lifesciences Limited,Healthcare,1100047187968.0
ZYDUSWELL,Zydus Wellness Limited,Consumer Defensive,170055073792.0
