Symbol,Name,InstrumentToken,ISIN
20MICRONS,20 MICRONS,4331777,INE144J01027
21STCENMGM,21ST CENTURY MGMT SERVICE,1025,INE253B01015
360ONE,360 ONE WAM,3343617,INE466L01038
3BBLACKBIO,3B BLACKBIO DX,195204609,INE994E01018
3IINFOLTD,3I INFOTECH,1595393,INE748C01038
3MINDIA,3M INDIA,121345,INE470A01017
3PLAND,3P LAND HOLDINGS,664321,INE105C01023
5PAISA,5PAISA CAPITAL,113921,INE618L01018
63MOONS,63 MOONS TECHNOLOGIES,3038209,INE111B01023
A2ZINFRA,A2Z INFRA ENGINEERING,5351937,INE619I01012
AAATECH,AAA TECHNOLOGIES,3208449,INE0D0U01013
AADHARHFC,AADHAR HOUSING FINANCE L,6074625,INE883F01010
AAKASH,AAKASH EXPLORATION SER L,60161,INE087Z01024
AARNAV,AARNAV FASHIONS,195026177,INE750R01016
AARON,AARON INDUSTRIES,263681,INE721Z01010
AARTECH,AARTECH SOLONICS,4389121,INE01C001026
AARTIDRUGS,AARTI DRUGS,1147137,INE767A01016
AARTIIND,AARTI INDUSTRIES,1793,INE769A01020
AARTIPHARM,AARTI PHARMALABS,3550209,INE0LRU01027
AARTISURF,AARTI SURFACTANTS,4923649,INE09EO01013
AARVI,AARVI ENCON,4882689,INE754X01016
AAVAS,AAVAS FINANCIERS,1378561,INE216P01012
AB10BKINAV,BIRLASLAMC - AB10BKINAV,7835393,
ABB,ABB INDIA,3329,INE117A01022
ABBOTINDIA,ABBOTT INDIA,4583169,INE358A01014
ABCAPITAL,ADITYA BIRLA CAPITAL,5533185,INE674K01013
ABCOTS,A B COTSPIN INDIA,194337281,INE08PH01015
ABDL,ALLIED BLEND N DISTILS L,6222849,INE552Z01027
ABFRL,ADITYA BIRLA FASHION & RT,7707649,INE647O01011
ABGSEC,ADITYA BIRLA SUN LIFE CRISIL BROAD BASED GILT ETF,6247425,INF209KC1134
ABGSECINAV,BIRLASLAMC - ABGSECINAV,6249217,
ABINFRA,A B INFRABUILD,6917121,INE00YB01025
ABLBL,ADITYA BIRLA LIFES BRAN L,193751809,INE14LE01019
ABMINTLLTD,ABM INTERNATIONAL,1420545,INE251C01025
ABMKNO,A B M KNOWLEDGEWARE,195207169,INE850B01026
ABREL,ADITYA BIRLA REAL EST,160001,INE055A01016
ABSL10BANK,BIRLASLAMC - ABSL10BANK,194623233,INF209KC1670
ABSLAMC,ADIT BIRL SUN LIF AMC,1540609,INE404A01024
ABSLBAINAV,ABSLBANETF INAV,2550785,
ABSLBANETF,ADITYA BIRLA SUN LIFE NIFTY BANK ETF,3580673,INF209KB17D5
ABSLLIQUID,ADITYA BIRLA SUN LIFE CRISIL LIQUID OVERNIGHT ETF,3716609,INF209KB18T9
ABSLLQINAV,BIRLASLAMC - ABSLLQINAV,3718145,
ABSLMSCIN,BIRLASLAMC - ABSLMSCIN,194832897,INF209KC1662
ABSLNN50ET,ADITYA BIRLA SUN LIFE NIFTY NEXT 50 ETF,1878785,INF209KB16D7
ABSLNNINAV,ABSLNN50ET INAV,2553089,
ABSLPSE,ADITYA BIRLA SUN LIFE NIFTY PSE ETF,6094337,INF209KB19Z4
ABSMSCINAV,BIRLASLAMC - ABSMSCINAV,7834881,
ABSPSEINAV,BIRLASLAMC-ABSPSEINAV,6095617,
ACC,ACC,5633,INE012A01025
ACCELYA,ACCELYA SOLN INDIA,1805569,INE793A01012
ACCURACY,ACCURACY SHIPPING,375041,INE648Z01023
ACE,ACTION CONST EQUIP,3478273,INE731H01025
ACEINTEG,ACE INTEGRATED SOLU.,3015425,INE543V01017
ACI,ARCHEAN CHEMICAL IND,3078145,INE128X01021
ACL,ANDHRA CEMENTS,3947521,INE666E01020
ACMESOLAR,ACME SOLAR HOLDINGS,6927617,INE622W01025
ACSTECH,A C S TECHNOLOGIES,195208449,INE366C01021
ACUTAAS,ACUTAAS CHEMICALS,1427969,INE00FF01025
ADANIENSOL,ADANI ENERGY SOLUTION,2615553,INE931S01010
ADANIENT,ADANI ENTERPRISES,6401,INE423A01024
ADANIGREEN,ADANI GREEN ENERGY,912129,INE364U01010
ADANIPORTS,ADANI PORT & SEZ,3861249,INE742F01042
ADANIPOWER,ADANI POWER,4451329,INE814H01029
ADFFOODS,ADF FOODS,5058817,INE982B01027
ADL,ARCHIDPLY DECOR,62721,INE0CHO01012
ADOR,ADOR WELDING,8705,INE045A01017
ADROITINFO,ADROIT INFOTECH,1267969,INE737B01033
ADSL,ALLIED DIGITAL SERV.,3792129,INE102I01027
ADVAIT,ADVAIT ENRGY TRANSITION L,194728193,INE0ALI01010
ADVANCE,ADVANCE AGROLIFE,194406913,INE1B0W01010
ADVANIHOTR,ADVANI HOT.& RES.(I),3774721,INE199C01026
ADVENTHTL,ADVENT HOTELS INTERNATI L,194500865,INE28GN01010
ADVENZYMES,ADVANCED ENZYME TECH,4617985,INE837H01020
AEGISLOG,AEGIS LOGISTICS,10241,INE208C01025
AEGISVOPAK,AEGIS VOPAK TERMINALS,193878017,INE0INX01018
AEPL,ARTEMIS ELECTRICALS & P L,194900481,INE757T01025
AEQUS,AEQUS,194619905,INE947N01017
AEROENTER,AEROFLEX ENTERPRISES,3075841,INE065D01027
AEROFLEX,AEROFLEX INDUSTRIES,4676609,INE024001021
AERONEU,AEROFLEX NEU,3504385,INE035801013
AETHER,AETHER INDUSTRIES,2511361,INE0BWX01014
AFCONS,AFCONS INFRASTRUCTURE,6650113,INE101I01011
AFFLE,AFFLE 3I,2903809,INE00WC01027
AFSL,ABANS FINANCIAL SRVCS,3401729,INE00ZE01026
AGARIND,AGARWAL INDS CORP,867585,INE204E01012
AGARWALEYE,DR AGARWALS HEALTH CARE L,7539713,INE943P01029
AGI,AGI GREENPAC,361473,INE415A01038
AGIIL,AGI INFRA,6257921,INE976R01033
AGROPHOS,AGRO PHOS INDIA,2315777,INE740V01019
AHCL,ANLON HEALTHCARE,194295809,INE0Y8W01025
AHLADA,AHLADA ENGINEERS,513025,INE00PV01013
AHLEAST,ASIAN HOTELS (EAST),4976129,INE926K01017
AHLUCONT,AHLUWALIA CONT IND,4565249,INE758C01029
AIAENG,AIA ENGINEERING,3350017,INE212H01026
AIIL,AUTHUM INVEST & INFRA,6029569,INE206F01022
AIRAN,AIRAN,2533633,INE645W01026
AIROLAM,AIRO LAM,1553409,INE801L01010
AJANTPHARM,AJANTA PHARMA,2079745,INE031B01049
AJAXENGG,AJAX ENGINEERING,7583745,INE274Y01021
AJMERA,AJMERA REALTY & INF I,4430593,INE298G01035
AJOONI,AJOONI BIOTECH,871169,INE820Y01021
AKASH,AKASH INFRA-PROJECTS,3458561,INE737W01013
AKCAPIT,A K CAPITAL SERVICES,195209729,INE701G01012
AKG,AKG EXIM,557057,INE00Y801016
AKI,AKI INDIA,3811841,INE642Z01026
AKSHAR,AKSHAR SPINTEX,2446849,INE256Z01025
AKSHARCHEM,AKSHARCHEM INDIA,5165569,INE542B01011
AKUMS,AKUMS DRUGS AND PHARMA L,6327041,INE09XN01023
ALANKIT,ALANKIT,2539777,INE914E01040
ALBERTDAVD,ALBERT DAVID,4417537,INE155C01010
ALEMBICLTD,ALEMBIC,20225,INE426A01027
ALGOQUANT,ALGOQUANT FINTECH,194885121,INE598D01035
ALICON,ALICON CASTALLOY,3495937,INE062D01024
ALIVUS,ALIVUS LIFE SCIENCES,1347841,INE03Q201024
ALKEM,ALKEM LABORATORIES,2995969,INE540L01014
ALKYLAMINE,ALKYL AMINES CHEM.,1148673,INE150B01039
ALLCARGO,ALLCARGO LOGISTICS,3456257,INE418H01029
ALLDIGI,ALLDIGI TECH,3020289,INE835G01018
ALLTIME,ALL TIME PLASTICS,194162689,INE0GV601021
ALMONDZ,ALMONDZ GLOBAL SEC,4280065,INE326B01035
ALOKINDS,ALOK INDUSTRIES,4524801,INE270A01029
ALPA,ALPA LABORATORIES,3801089,INE385I01010
ALPHA,KOTAK NIFTY ALPHA 50 ETF,1897473,INF174KA1IA5
ALPHAETF,MIRAE ASSET NIFTY 200 ALPHA 30 ETF,5027841,INF769K01KU7
ALPHAGEO,ALPHAGEO (INDIA),3736833,INE137C01018
ALPHAINAV,MIRAEAMC - ALPHAINAV,5029121,
ALPL30IETF,ICICIPRAMC - ICICIALPLV,5720065,INF109KC17V7
AMAGI,AMAGI MEDIA LABS,194749441,INE121R01077
AMBALALSA,AMBALAL SARABHAI ENT L,195211009,INE432A01017
AMBER,AMBER ENTERPRISES (I),303361,INE371P01015
AMBICAAGAR,AMBICA AGAR & AROMAINDLTD,2942977,INE792B01012
AMBIKCO,AMBIKA COTTON MILL,3899905,INE540G01014
AMBUJACEM,AMBUJA CEMENTS,325121,INE079A01024
AMDIND,AMD INDUSTRIES,3685889,INE005I01014
AMIRCHAND,AMIR CHAND JAG KUM (E) L,194987521,INE05TO01019
AMJLAND,AMJ LAND HOLDINGS,665089,INE606A01024
AMNPLST,AMINES & PLASTICIZERS,5085953,INE275D01022
AMRUTANJAN,AMRUTAJAN HEALTH,4492033,INE098F01031
ANANDRATHI,ANAND RATHI WEALTH,1829121,INE463V01026
ANANTRAJ,ANANT RAJ,3486721,INE242C01024
ANDHRAPAP,ANDHRA PAPER,42497,INE435A01051
ANDHRSUGAR,ANDHRA SUGARS,34817,INE715B01021
ANGELONE,ANGEL ONE,82945,INE732I01021
ANMOL,ANMOL INDIA,954113,INE02AR01019
ANTELOPUS,ANTELOPUS SELAN ENRGY,3481089,INE818A01017
ANTGRAPHIC,ANTARCTICA,1329665,INE414B01021
ANTHEM,ANTHEM BIOSCIENCES,194018561,INE0CZ201020
ANUHPHR,ANUH PHARMA,7248385,INE489G01022
ANUP,THE ANUP ENGINEERING,2307585,INE294Z01018
ANURAS,ANUPAM RASAYAN INDIA,724225,INE930P01018
AOGOLDINAV,AONEAMC - AOGOLDINAV,7819009,
AONE50INAV,AONEAMC - AONE50INAV,7827713,
AONEGOLD,ANGEL ONE GOLD ETF,194279425,INF1J2R01114
AONELIINAV,AONEAMC - AONELIINAV,7801857,
AONELIQUID,ANGEL ONE NIFTY 1D RATE LIQUID ETF - GROWTH,7800833,INF1J2R01056
AONENFINAV,AONEAMC - AONENFINAV,7809537,
AONENIFTY,ANGEL ONE NIFTY 50 ETF,193816577,INF1J2R01064
AONESIINAV,AONEAMC - AONESIINAV,7835137,
AONESILVER,AONEAMC - AONESILVER,194609409,INF1J2R01171
AONETMMQ50,AONEAMC - AONETMMQ50,194557953,INF1J2R01148
AONETOINAV,AONEAMC - AONETOINAV,7674369,
AONETOTAL,ANGEL ONE NIFTY TOTAL MARKET ETF,7673601,INF1J2R01015
APARINDS,APAR INDUSTRIES,2941697,INE372A01015
APCL,ANJANI PORTLAND CEM,5235969,INE071F01012
APCOTEXIND,APCOTEX INDUSTRIES LIMITE,39425,INE116A01032
APEX,APEX FROZEN FOODS,5535489,INE346W01013
APLAPOLLO,APL APOLLO TUBES,6599681,INE702C01027
APLLTD,ALEMBIC PHARMA,6483969,INE901L01018
APOLLO,APOLLO MICRO SYSTEMS,290305,INE713T01028
APOLLOHOSP,APOLLO HOSPITALS ENTER. L,40193,INE437A01024
APOLLOPIPE,APOLLO PIPES,3676417,INE126J01016
APOLLOTYRE,APOLLO TYRES,41729,INE438A01022
APOLSINHOT,APOLLO SINDOORI HOTEL,1613313,INE451F01024
APTUS,APTUS VALUE HSG FIN I,1391361,INE852O01025
AQYLON,AQYLON NEXUS,5981441,INE416A01051
ARCHIDPLY,ARCHIDPLY IND.,4299521,INE877I01016
ARCHIES,ARCHIES,1456129,INE731A01020
ARE&M,AMARA RAJA ENERGY MOB,25601,INE885A01032
ARENTERP,RAJDARSHAN INDUSTRIES,46337,INE610C01014
ARFIN,ARFIN INDIA,194227201,INE784R01023
ARIES,ARIES AGRO,3892225,INE298I01015
ARIHANT,ARIHANT FOUN & HOU,3554561,INE413D01011
ARIHANTCAP,ARIHANT CAPITAL MKTS,976129,INE420B01036
ARIHANTSUP,ARIHANT SUPERSTRUCT,5160705,INE643K01018
ARIS,ARISINFRA SOLUTIONS,193949185,INE0H9P01028
ARKADE,ARKADE DEVELOPERS,6501889,INE0QRL01017
ARMANFIN,ARMAN FIN SERV,4419329,INE109C01017
AROGRANITE,ARO GRANITE IND.,3726593,INE210C01013
ARSSBL,ANAND RATHI SH N STK BR L,194548737,INE549H01021
ARTEMISMED,ARTEMIS MED SERVICE,4329729,INE025R01021
ARTNIRMAN,ART NIRMAN,1575937,INE738V01013
ARVEE,ARVEE LABORATORIES I,720385,INE006Z01016
ARVIND,ARVIND,49409,INE034A01011
ARVINDFASN,ARVIND FASHIONS,2332417,INE955V01021
ARVSMART,ARVIND SMARTSPACES,2676993,INE034S01021
ASAHIINDIA,ASAHI INDIA GLASS,1376769,INE439A01020
ASAHISONG,ASAHI SONGWON COLOR,6422529,INE228I01012
ASAL,AUTOMOTIVE STAMPINGS & AS,2722305,INE900C01027
ASALCBR,ASSO ALCOHOLS & BREW,4505089,INE073G01016
ASHAPURMIN,ASHAPURA MINECHEM,51969,INE348A01023
ASHIANA,ASHIANA HOUSING,6247169,INE365D01021
ASHIKA,ASHIKA CREDIT CAPITAL L,195212289,INE094B01013
ASHIMASYN,ASHIMA,52737,INE440A01010
ASHOKA,ASHOKA BUILDCON,5166593,INE442H01029
ASHOKAMET,ASHOKA METCAST,4337409,INE760Y01011
ASHOKLEY,ASHOK LEYLAND,54273,INE208A01029
ASIANENE,ASIAN ENERGY SERVICES,1799681,INE276G01015
ASIANHOTNR,ASIAN HOTELS (NORTH),4716033,INE363A01022
ASIANPAINT,ASIAN PAINTS,60417,INE021A01026
ASIANTILES,ASIAN GRANITO IND.,3811585,INE022I01019
ASKAUTOLTD,ASK AUTOMOTIVE,5158913,INE491J01022
ASPINWALL,ASPINWALL & CO,4421121,INE991I01015
ASTAR,ASIAN STAR CO.,195213569,INE194D01017
ASTEC,ASTEC LIFESCIENCES,4538369,INE563J01010
ASTERDM,ASTER DM HEALTHCARE,386049,INE914M01019
ASTRAL,ASTRAL,3691009,INE006I01046
ASTRAMICRO,ASTRA MICROWAVE,2974209,INE386C01029
ASTRAZEN,ASTRAZENECA PHARMA IND LT,1436161,INE203A01020
ATALREAL,ATAL REALTECH,4006145,INE0ALR01029
ATAM,ATAM VALVES,3943425,INE09KD01013
ATGL,ADANI TOTAL GAS,1552897,INE399L01023
ATHERENERG,ATHER ENERGY,193957121,INE0LEZ01016
ATL,ALLCARGO TERMINALS,4551169,INE0NN701020
ATLANTAA,ATLANTAA,3477761,INE285H01022
ATLANTAELE,ATLANTA ELECTRICALS,194305793,INE0Z4F01028
ATLASCYCLE,ATLAS CYCLE (HARYANA),1169409,INE446A01025
ATUL,ATUL,67329,INE100A01010
ATULAUTO,ATUL AUTO,7685889,INE951D01028
AUBANK,AU SMALL FINANCE BANK,5436929,INE949L01017
AURIGROW,AURI GROW INDIA,411393,INE925Y01036
AURIONPRO,AURIONPRO SOLN,3077633,INE132H01018
AUROPHARMA,AUROBINDO PHARMA,70401,INE406A01037
AURUM,AURUM PROPTECH,2639361,INE898S01029
AUTOAXLES,AUTOMOTIVE AXLES,71169,INE449A01011
AUTOBEES,NIPPON INDIA NIFTY AUTO ETF,2017281,INF204KC1337
AUTOBEINAV,AUTOBEES INAV,2598401,
AUTOIETF,ICICI PRUDENTIAL NIFTY AUTO ETF,2008065,INF109KC10V2
AVALON,AVALON TECHNOLOGIES,3854849,INE0LCL01028
AVANTEL,AVANTEL,6300161,INE005B01027
AVANTIFEED,AVANTI FEEDS,2031617,INE871C01038
AVG,AVG LOGISTICS,3990785,INE680Z01018
AVL,ADITYA VISION,6651905,INE679V01027
AVONMORE,AVONMORE CAP&MGT SERV,3470593,INE323B01024
AVROIND,AVRO INDIA,2259713,INE652Z01025
AVTNPL,AVT NATURAL PRODUCTS,3586049,INE488D01021
AWFIS,AWFIS SPACE SOLUTIONS,6109185,INE108V01019
AWHCL,ANTONY WASTE HDG CELL,460033,INE01BK01022
AWL,AWL AGRI BUSINESS,2076161,INE699H01024
AXISBANK,AXIS BANK,1510401,INE238A01034
AXISBNINAV,AXISBNKETF INAV,2556673,
AXISBNKETF,AXIS NIFTY BANK ETF,267265,INF846K01X63
AXISBPINAV,AXISBPSETF INAV,2556417,
AXISCADES,AXISCADES TECH,2415617,INE555B01013
AXISCEINAV,AXISCETF INAV,2556929,
AXISCETF,AXIS NIFTY INDIA CONSUMPTION ETF,1467393,INF846K016C7
AXISGOINAV,AXISGOLD NAV,2109185,
AXISGOLD,AXIS GOLD ETF,5256193,INF846K01W80
AXISHCETF,AXIS NIFTY HEALTHCARE ETF,923649,INF846K01Z12
AXISHCINAV,AXISHCETF INAV,2553345,
AXISILINAV,AXISAMC - AXISILINAV,2868737,
AXISILVER,AXIS SILVER ETF,2865409,INF846K011K1
AXISNIFTY,AXIS NIFTY 50 ETF,5440513,INF846K01W98
AXISNIINAV,AXISNIFTY INAV,2557185,
AXISTECETF,AXIS NIFTY IT ETF,770561,INF846K01Y96
AXISTEINAV,AXISTECETF INAV,2558977,
AXISVAINAV,AXISAMC - AXISVAINAV,7720449,
AXISVALUE,AXIS NIFTY500 VALUE 50 ETF,7719681,INF846KA1119
AXITA,AXITA COTTON,2534913,INE02EZ01022
AXSENSEX,AXIS BSE SENSEX ETF,3773953,INF846K010Q0
AXSNSXINAV,AXISAMC - AXSNSXINAV,3774977,
AYE,AYE FINANCE,194811137,INE501X01029
AYMSYNTEX,AYM SYNTEX,2632961,INE193B01039
AZAD,AZAD ENGINEERING,5351681,INE02IJ01035
BAGFILMS,B.A.G FILMS AND MEDIA,2873857,INE116D01028
BAIDFIN,BAID FINSERV,3531265,INE020D01022
BAJAJ-AUTO,BAJAJ AUTO,4267265,INE917I01010
BAJAJCON,BAJAJ CONSUMER CARE,4999937,INE933K01021
BAJAJELEC,BAJAJ ELECT.LTD,3848705,INE193E01025
BAJAJFINSV,BAJAJ FINSERV,4268801,INE918I01026
BAJAJHCARE,BAJAJ HEALTHCARE,1756929,INE411U01027
BAJAJHFL,BAJAJ HOUSING FINANCE,6469121,INE377Y01014
BAJAJHIND,BAJAJ HINDUSTHAN SUGAR LT,78849,INE306A01021
BAJAJHLDNG,BAJAJ HOLDINGS & INVS,78081,INE118A01012
BAJAJINDEF,INDEF MANUFACTURING,7597569,INE0O9T01021
BAJAJST,BAJAJ STEEL INDS.,195216129,INE704G01024
BAJEL,BAJEL PROJECTS,5255937,INE0KQN01018
BAJFINANCE,BAJAJ FINANCE,81153,INE296A01032
BALAJEE,SHREE TIRUPATI BALAJEE L,6451969,INE0S2G01011
BALAJITELE,BALAJI TELEFILMS,2344449,INE794B01026
BALAMINES,BALAJI AMINES,3712257,INE050E01027
BALKRISHNA,BALKRISHNA PAPER MILLS L,2606337,INE875R01011
BALKRISIND,BALKRISHNA IND.,85761,INE787D01026
BALMLAWRIE,BALMER LAWRIE & CO,86529,INE164A01016
BALPHARMA,BAL PHARMA,3440897,INE083D01012
BALRAMCHIN,BALRAMPUR CHINI MILLS,87297,INE119A01028
BALUFORGE,BALU FORGE INDUSTRIES,6043393,INE011E01029
BANARBEADS,BANARAS BEADS,88833,INE655B01011
BANARISUG,BANNARI AMMAN SUGARS,89601,INE459A01010
BANCOINDIA,BANCO PRODUCTS (I),3553281,INE213C01025
BANDHANBNK,BANDHAN BANK,579329,INE545U01014
BANG,BANG OVERSEAS,3917569,INE863I01016
BANK10ADD,DSPAMC - BANK10ADD,194909185,INF740KA1YH2
BANKADD,DSP NIFTY BANK ETF,3492865,INF740KA1RX3
BANKBARODA,BANK OF BARODA,1195009,INE028A01039
BANKBEES,NIPPON INDIA ETF BANK BEES,2928385,INF204KB15I9
BANKBETA,UTI NIFTY BANK ETF,5744641,INF789F1AUV1
BANKBETF,BAJAJ FINSERV NIFTY BANK ETF,5628417,INF0QA701714
BANKBINAV,BFAM - BANKBETF,5629185,
BANKETF,MIRAE ASSET NIFTY BANK ETF,4459265,INF769K01KR3
BANKIETF,ICICI PRUDENTIAL NIFTY BANK ETF,2825473,INF109KC15I8
BANKINDIA,BANK OF INDIA,1214721,INE084A01016
BANKNIFTY1,KOTAK NIFTY BANK ETF,1497857,INF174KA1ZB7
BANKPSU,MIRAE ASSET NIFTY PSU BANK ETF,6585601,INF769K01LZ4
BANSALWIRE,BANSAL WIRE INDUSTRIES L,6242817,INE0B9K01025
BANSWRAS,BANSWARA SYNTEX,3714817,INE629D01020
BASF,BASF INDIA,94209,INE373A01013
BASML,BANNARI AM SPIN MILL,3080705,INE186H01022
BATAINDIA,BATA INDIA,94977,INE176A01028
BATLIBOI,BATLIBOI,195217409,INE177C01022
BAYERCROP,BAYER CROPSCIENCE,4589313,INE462A01022
BBETF0432,BHARAT BOND ETF - APRIL 2032,1842177,INF754K01OB1
BBETF0INAV,BBETF0432 INAV,2565377,
BBL,BHARAT BIJLEE,3522817,INE464A01036
BBNPNBETF,BARODA BNP PARIBAS NIFTY BANK ETF,6173953,INF251K01TL6
BBNPNBINAV,BARODABNP - BBNPNBINAV,6175233,
BBNPPGOLD,BARODA BNP PARIBAS GOLD ETF,5260033,INF251K01SU9
BBOX,BLACK BOX,879361,INE676A01027
BBTC,BOMBAY BURMAH TRADING COR,97281,INE050A01025
BBTCL,B&B TRIPLEWALL CONT,3111169,INE01EE01011
BCG,BRIGHTCOM GROUP,2261249,INE425B01027
BCLIND,BCL INDUSTRIES,643329,INE412G01024
BCONCEPTS,BRAND CONCEPTS,1991681,INE977Y01011
BCPL,BCPL RAILWAY INFRA,194942465,INE00SW01015
BDL,BHARAT DYNAMICS,548865,INE171Z01026
BEARDSELL,BEARDSELL,4590849,INE520H01022
BECTORFOOD,MRS BECTORS FOOD SPE,416769,INE495P01020
BEDMUTHA,BEDMUTHA INDUST,5170177,INE844K01012
BEEKAY,BEEKAY STEEL INDS.,195218689,INE213D01015
BEL,BHARAT ELECTRONICS,98049,INE263A01024
BELLACASA,BELLA CASA FASH AND RET L,194032129,INE344T01014
BELRISE,BELRISE INDUSTRIES,193818113,INE894V01022
BEML,BEML,101121,INE258A01024
BENGALASM,BENGAL & ASSAM CO.,195219969,INE083K01017
BEPL,BHANSALI ENG. POLYMERS LT,107265,INE922A01025
BERGEPAINT,BERGER PAINTS (I),103425,INE463A01038
BESTAGRO,BEST AGROLIFE,590337,INE052T01021
BETA,BETA DRUGS,194519553,INE351Y01019
BFINVEST,BF INVESTMENT,5404929,INE878K01010
BFSI,MIRAE ASSET NIFTY FINANCIAL SERVICES ETF,1336321,INF769K01HI8
BFUTILITIE,BF UTILITIES,3729153,INE243D01012
BHAGCHEM,BHAGIRADHA CHEM & INDS L,1577985,INE414D01027
BHARATCOAL,BHARAT COKING COAL,194745857,INE05XR01022
BHARATFORG,BHARAT FORGE,108033,INE465A01025
BHARATGEAR,BHARAT GEARS,109057,INE561C01019
BHARATRAS,BHARAT RASAYAN,981505,INE838B01021
BHARATSE,BHARAT SEATS,7742465,INE415D01024
BHARATWIRE,BHARAT WIRE ROPES,4127489,INE316L01019
BHARTIARTL,BHARTI AIRTEL,2714625,INE397D01024
BHARTIHEXA,BHARTI HEXACOM,6013185,INE343G01021
BHEL,BHEL,112129,INE257A01026
BI,BILCARE,195221249,INE986A01012
BIGBLOC,BIGBLOC CONSTRUCTION,4718337,INE412U01025
BIKAJI,BIKAJI FOODS INTERN,3063297,INE00E101023
BIL,BHARTIYA INTERNATIONAL,2009089,INE828A01016
BIMETAL,BIMETAL BEARINGS,195222529,INE469A01019
BIOCON,BIOCON,2911489,INE376G01013
BIOFILCHEM,BIOFIL CHEM & PHARMA,1058817,INE829A01014
BIRLACORPN,BIRLA CORPORATION,122881,INE340A01012
BIRLAMONEY,ADITYA BIRLA MONEY,3901185,INE865C01022
BIRLANU,BIRLANU,372481,INE557A01011
BIRLAPREC,BIRLA PRECISION TECH L,195223809,INE372E01025
BLACKBUCK,BLACKBUCK,6948865,INE0UIZ01018
BLACKROSE,BLACK ROSE INDS.,195225089,INE761G01016
BLAL,BEML LAND ASSETS,3857153,INE0N7W01012
BLBLIMITED,BLB,2081793,INE791A01024
BLIL,BALMER LAWRIE INVSTS. L,195226369,INE525F01025
BLISSGVS,BLISS GVS PHARMA,4931841,INE416D01022
BLKASHYAP,B.L.KASHYAP & SON,3402241,INE350H01032
BLS,BLS INTL SERVS,4423425,INE153T01027
BLSE,BLS E-SERVICES,5776897,INE0NLT01010
BLUEDART,BLUE DART EXPRESS,126721,INE233B01017
BLUEJET,BLUE JET HEALTHCARE,5039617,INE0KBH01020
BLUESTARCO,BLUE STAR,2127617,INE472A01039
BLUESTONE,BLUESTONE JEWEL LFSTL,194378497,INE304W01038
BLUSPRING,BLUSPRING ENTERPRISES,193925121,INE0U4101014
BMWVENTLTD,BMW VENTURES,194369537,INE965W01036
BNALTD,B & A,195228929,INE489D01011
BNGOLDINAV,BARODABNP - BNGOLDINAV,5260801,
BNK10DINAV,DSPAMC - BNK10DINAV,7836161,
BNKETFINAV,MIRAEAMC - BNKETFINAV,4461057,
BNKPSUINAV,MIRAEAMC - BNKPSUINAV,6587393,
BOHRAIND,BOHRA INDUSTRIES,2979841,INE802W01023
BOMDYEING,BOMBAY DYEING & MFG. CO L,131329,INE032A01023
BONLON,BONLON INDUSTRIES,194830337,INE0B9A01018
BORANA,BORANA WEAVES,194027265,INE16SF01016
BOROLTD,BOROSIL,4966657,INE02PY01013
BORORENEW,BOROSIL RENEWABLES,806145,INE666D01022
BOROSCI,BOROSIL SCIENTIFIC,6147585,INE02L001032
BOSCH-HCIL,BOSCH HOME COMFRT IND,1149697,INE782A01015
BOSCHLTD,BOSCH,558337,INE323A01026
BPCL,BHARAT PETROLEUM CORP  LT,134657,INE029A01011
BPL,BPL,135681,INE110A01019
BRIGADE,BRIGADE ENTER.,3887105,INE791I01019
BRIGHOTEL,BRIGADE HOTEL VENTURE,193995265,INE03NU01014
BRITANNIA,BRITANNIA INDUSTRIES,140033,INE216A01030
BRNL,BHARAT ROAD NETWORK,5550849,INE727S01012
BSE,BSE,5013761,INE118H01025
BSE500IETF,ICICI PRUDENTIAL BSE 500 ETF,768257,INF109KC1V59
BSL,BSL,143105,INE594B01012
BSLGOLDETF,BIRLA SUN LIFE GOLD ETF,6093825,INF209KB18D3
BSLGOLINAV,BSLGOLDETF NAV,2109441,
BSLNIFINAV,BSLNIFTY INAV,2552833,
BSLNIFTY,ADITYA BIRLA SUN LIFE NIFTY 50 ETF,6343937,INF209KB19D1
BSLSENETFG,ADITYA BIRLA SUN LIFE BSE SENSEX ETF,1524993,INF209KB10E8
BSLSENINAV,BSLSENETFG INAV,2552577,
BSOFT,BIRLASOFT,1790465,INE836A01035
BTML,BODHI TREE MULTIMEDIA,3622401,INE0EEJ01023
BTTL,BHILWARA TECHNICAL TEXT L,195230209,INE274K01012
BUILDPRO,SHANKARA BUILDPRO,194712065,INE24OJ01011
BUTTERFLY,BTRFLY GANDHI APPL,695297,INE295F01017
BVCL,BARAK VALLEY CEM.,3858689,INE139I01011
CAMLINFINE,CAMLIN FINE SCIENCES,1591297,INE052I01032
CAMPUS,CAMPUS ACTIVEWEAR,2396673,INE278Y01022
CAMS,COMPUTER AGE MNGT SER,87553,INE596I01020
CANBK,CANARA BANK,2763265,INE476A01022
CANFINHOME,CAN FIN HOMES,149249,INE477A01020
CANHLIFE,CANARA HSBC LIFE INS CO L,194426113,INE01TY01017
CANTABIL,CANTABIL RETAIL,5160961,INE068L01024
CAPACITE,CAPACITE INFRAPROJECT,5567745,INE264T01014
CAPILLARY,CAPILLARY TECHNO INDIA L,194525953,INE0ILV01024
CAPITALSFB,CAPITAL SMALL FIN BANK L,5804801,INE646H01017
CAPLIPOINT,CAPLIN POINT LAB,999937,INE475E01026
CARBORUNIV,CARBORUNDUM UNIVERSAL,152321,INE120A01034
CARERATING,CARE RATINGS,7452929,INE752H01013
CARRARO,CARRARO INDIA,7393025,INE0V7W01012
CARTRADE,CARTRADE TECH,1384193,INE290S01011
CARYSIL,CARYSIL,481025,INE482D01024
CASHIEINAV,ICICIPRAMC - CASHIEINAV,7717377,
CASHIETF,ICICI PRUDENTIAL BSE LIQUID RATE ETF - GROWTH,7715585,INF109K1A021
CASTROLIND,CASTROL INDIA,320001,INE172A01027
CCAVENUE,AVENUESAI,4159745,INE483S01020
CCCL,CONS. CONST. CONSORT,3837953,INE429I01024
CCHHL,COUNTRY CLUB HOSP HOL,1634561,INE652F01027
CCL,CCL PRODUCTS (I),2931713,INE421D01022
CDSL,CENTRAL DEPO SER (I),5420545,INE736A01011
CEATLTD,CEAT,3905025,INE482A01020
CEIGALL,CEIGALL INDIA,6333953,INE0AG901020
CEINSYS,CEINSYS TECH,194825473,INE016Q01014
CELEBRITY,CELEBRITY FASHIONS,3369473,INE185H01016
CELLO,CELLO WORLD,5067521,INE0LMW01024
CEMPRO,CEMINDIA PROJECTS,1439233,INE686A01026
CENTENKA,CENTURY ENKA,158465,INE485A01015
CENTEXT,CENTURY EXTRUSIONS,2946817,INE281A01026
CENTRALBK,CENTRAL BANK OF INDIA,3812865,INE483A01010
CENTRUM,CENTRUM CAPITAL,628225,INE660C01027
CENTUM,CENTUM ELECTRONICS,3835393,INE320B01020
CENTURYPLY,CENTURY PLYBOARDS (I),3406081,INE348B01021
CERA,CERA SANITARYWARE,3849985,INE739E01017
CESC,CESC,160769,INE486A01021
CEWATER,CONCORD ENVIRO SYSTEMS L,7363585,INE037Z01029
CGCL,CAPRI GLOBAL CAPITAL,5204225,INE180C01042
CGPOWER,CG POWER AND IND SOL,194561,INE067A01029
CHALET,CHALET HOTELS,2187777,INE427F01016
CHAMBLFERT,CHAMBAL FERTILIZERS,163073,INE085A01013
CHEMCON,CHEMCON SPECIAL CHEM,69121,INE03YM01018
CHEMICAL,KOTAK NIFTY CHEMICALS ETF,194530561,INF174KA1XV0
CHEMINAV,KOTAKMAMC - CHEMINAV,7827201,
CHEMPLASTS,CHEMPLAST SANMAR,1394945,INE488A01050
CHENNPETRO,CHENNAI PETROLEUM CORP LT,524545,INE178A01016
CHEVIOT,CHEVIOT COMPANY,2529025,INE974B01016
CHGOLDINAV,CHOICEAMC - CHGOLDINAV,7826177,
CHOICEGOLD,CHOICE GOLD ETF,194460161,INF2KCX01012
CHOICEIN,CHOICE INTERNATIONAL,2269697,INE102B01014
CHOLAFIN,CHOLAMANDALAM IN & FIN CO,175361,INE121A01024
CHOLAHLDNG,CHOLAMANDALAM FIN HOL,5565441,INE149A01033
CIEINDIA,CIE AUTOMOTIVE INDIA,3823873,INE536H01010
CIFL,CAPITAL INDIA FINANCE,193539841,INE345H01024
CINELINE,CINELINE INDIA,6953217,INE704H01022
CINEVISTA,CINEVISTA,2054145,INE039B01026
CIPLA,CIPLA,177665,INE059A01026
CLEAN,CLEAN SCIENCE & TECH,1292545,INE227W01023
CLEANMAX,CLEAN MAX ENVIRO EN SOL L,194606849,INE647U01026
CLSEL,CHAMAN LAL SETIA EXP,891393,INE419D01026
CMPDI,CENTRAL MINE P N D INST L,194964737,INE05HV01027
CMRGREEN,CMR GREEN TECHNOLOGIES L,7908609,INE00WV01027
CMSINFO,CMS INFO SYSTEMS,1946369,INE925R01014
CNL,CREATIVE NEWTECH,2855681,INE985W01018
COALINDIA,COAL INDIA,5215745,INE522F01014
COASTCORP,COASTAL CORPORATION,1537537,INE377E01024
COCHINSHIP,COCHIN SHIPYARD,5506049,INE704P01025
COCKERILL,JOHN COCKERILL INDIA,195231489,INE515A01019
COFORGE,COFORGE,2955009,INE591G01025
COHANCE,COHANCE LIFESCIENCES,4593921,INE03QK01018
COLPAL,COLGATE PALMOLIVE,3876097,INE259A01022
COMFINTE,COMFORT INTECH,195232769,INE819A01049
COMMOIETF,ICICI PRUDENTIAL NIFTY COMMODITIES ETF,3378689,INF109KC19O8
COMPUSOFT,COMPUCOM SOFTWARE,7971329,INE453B01029
COMSYN,COMMERCIAL SYN BAGS,5523969,INE073V01015
CONCOR,CONTAINER CORP OF IND,1215745,INE111A01025
CONCORDBIO,CONCORD BIOTECH,4623361,INE338H01029
CONFIPET,CONFIDENCE PETRO IND,2620929,INE552D01024
CONS,KOTAK NIFTY INDIA CONSUMPTION ETF,2691073,INF174KA1ZF8
CONSOFINVT,CONSO. FIN. & HOLD.,3003137,INE025A01027
CONSUMBEES,NIPPON INDIA ETF CONSUMPTION,623361,INF204KA1LD7
CONSUMER,MIRAE ASSET NIFTY INDIA NEW AGE CONSUMPTION ETF,7416065,INF769K01NS5
CONSUMIETF,ICICI PRUDENTIAL NIFTY INDIA CONSUMPTION ETF,1650177,INF109KC1V42
CONSUMINAV,MIRAEAMC - CONSUMINAV,7416833,
CONTROLPR,CONTROL PRINT,4474113,INE663B01015
CORALFINAC,CORAL INDIA FIN & HOUS LT,1025793,INE558D01021
COROMANDEL,COROMANDEL INTERNTL.,189185,INE169A01031
CORONA,CORONA REMEDIES,194625025,INE02ZQ01018
COSMOFIRST,COSMO FIRST,189953,INE757A01017
COUNCODOS,COUNTRY CONDO S,4348417,INE695B01025
CPEDU,CAREER POINT EDUTECH,194288897,INE0P6P01016
CPPLUS,ADITYA INFOTECH,194267649,INE819V01029
CPSEETF,CPSE ETF,595969,INF457M01133
CRAFTSMAN,CRAFTSMAN AUTOMATION,730625,INE00LO01017
CRAMC,CANARA ROBECO AMC,194383617,INE218I01013
CREATIVEYE,CREATIVE EYE,2402305,INE230B01021
CREDITACC,CREDITACCESS GRAMEEN,1131777,INE741K01010
CREST,CREST VENTURES,3558401,INE559D01011
CRISIL,CRISIL,193793,INE007A01025
CRIZAC,CRIZAC,194009601,INE0S4R01014
CROMPTON,CROMPT GREA CON ELEC,4376065,INE299U01018
CROWN,CROWN LIFTERS,2069249,INE491V01019
CSBBANK,CSB BANK,3831297,INE679A01013
CSLFINANCE,CSL FINANCE,2649601,INE718F01018
CTE,CAMBRIDGE TECH ENTER,3639809,INE627H01017
CUB,CITY UNION BANK,1459457,INE491A01021
CUBEXTUB,CUBEX TUBINGS,1040385,INE144D01012
CUMMINSIND,CUMMINS INDIA,486657,INE298A01020
CUPID,CUPID,4741121,INE509F01029
CURAA,CURA TECHNOLOGIES,7728385,INE117B01020
CYBERTECH,CYBERTECH SYSTEMS & SOFTW,1549057,INE214A01019
CYIENT,CYIENT,1471489,INE136B01020
CYIENTDLM,CYIENT DLM,4399873,INE055S01018
DABUR,DABUR INDIA,197633,INE016A01026
DAICHI,DAI-ICHI KARKARIA,195234049,INE928C01010
DALBHARAT,DALMIA BHARAT,2067201,INE00R701025
DALMIASUG,DALMIA BHARAT SUG IN,199937,INE495A01022
DAMCAPITAL,DAM CAPITAL ADVISORS,7337473,INE284H01025
DAMODARIND,DAMODAR INDUSTRIES,4490497,INE497D01022
DANGEE,DANGEE DUMS,284161,INE688Y01022
DATAMATICS,DATAMATICS GLOBAL SER,2924289,INE365B01017
DATAPATTNS,DATA PATTERNS INDIA,1883649,INE0IX101010
DAVANGERE,DAVANGERE SUGAR COMPANY L,5579265,INE179G01029
DBCORP,D.B.CORP,4577537,INE950I01011
DBL,DILIP BUILDCON,4630017,INE917M01012
DBSTOCKBRO,DB (INT) STOCK BROKERS,7963393,INE921B01025
DCAL,DISHMAN CARBO AMCIS,5556225,INE385W01011
DCBBANK,DCB BANK,3513601,INE503A01015
DCMSHRIRAM,DCM SHRIRAM,207617,INE499A01024
DCMSRIND,DCM SHRIRAM IND,1875201,INE843D01027
DCW,DCW,209153,INE500A01029
DCXINDIA,DCX SYSTEMS,3045121,INE0KL801015
DDEVPLSTIK,DDEV PLASTIKS IND,7449089,INE0HR601026
DECCANCE,DECCAN CEMENTS,3798529,INE583C01021
DECNGOLD,DECCAN GOLD MINES,195235329,INE945F01025
DEEPAKFERT,DEEPAK FERTILIZERS & PETR,211713,INE501A01019
DEEPAKNTR,DEEPAK NITRITE,5105409,INE288B01029
DEEPINDS,DEEP INDUSTRIES,842753,INE0FHS01024
DEFENCE,MIRAEAMC - DEFENCE,194827777,INF769K01QC2
DEFENCINAV,MIRAEAMC - DEFENCINAV,7834625,
DELHIVERY,DELHIVERY,2457345,INE148O01028
DELPHIFX,DELPHI WORLD MONEY,6244097,INE726L01027
DELTACORP,DELTA CORP,3851265,INE124G01033
DELTAMAGNT,DELTA MANUFACTURING,310785,INE393A01011
DEN,DEN NETWORKS,4536833,INE947J01015
DENORA,DE NORA INDIA,1095425,INE244A01016
DENTA,DENTA WATER N INFRA SOL L,7489537,INE0R4L01018
DEVIT,DEV INFO TECHNOLOGY,2085377,INE060X01034
DEVX,DEV ACCELERATOR,194324225,INE0VOV01021
DEVYANI,DEVYANI INTERNATIONAL,1375489,INE872J01023
DGCONTENT,DIGICONTENT,2648577,INE03JI01017
DHAMPURSUG,DHAMPUR SUGAR MILLS,219393,INE041A01016
DHANBANK,DHANLAXMI BANK,2907905,INE680A01011
DHANUKA,DHANUKA AGRITECH,6248705,INE435G01025
DHARMAJ,DHARMAJ CROP GUARD,3328257,INE00OQ01016
DHUNINV,DHUNSERI INVESTMENTS,5691649,INE320L01011
DIACABS,DIAMOND POWER INFRA,4747009,INE989C01038
DIAMINESQ,DIAMINES & CHEMICALS,4772865,INE591D01014
DIAMONDYD,PRATAAP SNACKS,5591041,INE393P01035
DICIND,DIC INDIA,179969,INE303A01010
DIFFNKG,DIFFUSION ENGINEERS,6572033,INE184O01015
DIGIDRIVE,DIGIDRIVE DISTRIBUTORS L,5439233,INE0PSC01024
DIGITIDE,DIGITIDE SOLUTIONS,193923841,INE0U4701011
DIGJAMLMTD,DIGJAM,1568513,INE731U01028
DISAQ,DISA INDIA,195236609,INE131C01011
DIVGIITTS,DIVGI TORQTRANSFER SYST L,3706625,INE753U01022
DIVIDEINAV,MIRAEAMC - DIVIDEINAV,7830785,
DIVIDEND,MIRAE ASSET BSE 500 DIVIDEND LEADERS 50 ETF,194665473,INF769K01PY8
DIVISLAB,DIVI S LABORATORIES,2800641,INE361B01024
DIVOPPBEES,NIPPON INDIA ETF NIFTY DIVIDEND OPPORTUNITIES 50,674817,INF204KA1MS3
DIXON,DIXON TECHNO (INDIA),5552641,INE935N01020
DJML,DJ MEDIAPRINT & LOG,3263745,INE0B1K01014
DLF,DLF,3771393,INE271C01023
DLINKINDIA,D-LINK INDIA,4569857,INE250K01012
DMART,AVENUE SUPERMARTS,5097729,INE192R01011
DMCC,DMCC SPECIALITY CHEMICALS,1785089,INE505A01010
DNAMEDIA,DILIGENT MEDIA CORP,164097,INE016M01021
DODLA,DODLA DAIRY,1234433,INE021O01019
DOLATALGO,DOLAT ALGOTECH,3103745,INE966A01022
DOLLAR,DOLLAR INDUSTRIES,5263361,INE325C01035
DOLPHIN,DOLPHIN OFF ENT (IND) L,4643585,INE920A01037
DOMS,DOMS INDUSTRIES,5261057,INE321T01012
DONEAR,DONEAR IND.,3542785,INE668D01028
DPABHUSHAN,D. P. ABHUSHAN,239617,INE266Y01019
DPWIRES,D P WIRES,4326401,INE864X01013
DRAGARWQ,DR. AGARWAL'S EYE HOSP L,195237889,INE934C01018
DRCSYSTEMS,DRC SYSTEMS INDIA,677121,INE03RS01027
DREAMFOLKS,DREAMFOLKS SERVICES,2779905,INE0JS101016
DREDGECORP,DREDGING CORP OF INDIA,2885377,INE506A01018
DRREDDY,DR. REDDY S LABORATORIES,225537,INE089A01031
DSPBNKINAV,DSPAMC - DSPBNKINAV,3495681,
DSPGOINAV,DSPAMC - DSPGOLDETF,3932929,
DSPN50INAV,DSPN50ETF INAV,2561025,
DSPNEWINAV,DSPNEWETF INAV,2559233,
DSPNITINAV,DSPAMC - DSPNITINAV,4407553,
DSPPSBINAV,DSPAMC - DSPPSBINAV,4510721,
DSPPVBINAV,DSPAMC - DSPPVBINAV,4510465,
DSPQ50INAV,DSPQ50ETF INAV,2561281,
DSPSENINAV,DSPAMC - DSPSENINAV,4510977,
DSPSILINAV,DSPAMC - DSPSILINAV,2755585,
DSSL,DYNACONS SYS & SOLN,6576641,INE417B01040
DTIL,DHUNSERI TEA & IND.,1594113,INE341R01014
DVL,DHUNSERI VENTURES,3894785,INE477B01010
DWARKESH,DWARIKESH SUGAR IND,2986753,INE366A01041
DYCL,DYNAMIC CABLES,2666753,INE600Y01019
DYNAMATECH,DYNAMATIC TECHNOLOGIES,1158401,INE221B01012
DYNPRO,DYNEMIC PRODUCTS,5456385,INE256H01015
E2E,E2E NETWORKS,2287873,INE255Z01027
EASEMYTRIP,EASY TRIP PLANNERS,714753,INE07O001026
EBANKINAV,EBANK INAV,2562049,
EBANKNIFTY,EDELWEISS NIFTY BANK ETF,6466049,INF754K01TE4
EBB433INAV,EDELAMC - EBB433INAV,3371009,
EBBE23INAV,EBBETF0423 INAV,2563073,
EBBE30INAV,EBBETF0430 INAV,2564097,
EBBE31INAV,EBBETF0425 INAV,2564353,
EBBE32INAV,EBBETF0431 INAV,2564865,
EBBETF0430,BHARAT BOND ETF - APRIL 2030,4160769,INF754K01KO2
EBBETF0431,BHARAT BOND ETF - APRIL 2031,5693185,INF754K01LE1
EBBETF0433,BHARAT BOND ETF - APRIL 2033,3363585,INF754K01QX0
EBGNG,GNG ELECTRONICS,194012673,INE18JU01028
EBNKNFINAV,EDELAMC - EBNKNFINAV,6477057,
ECAPININAV,EDELAMC - ECAPININAV,7430145,
ECAPINSURE,EDELWEISS BSE CAPITAL MARKETS & INSURANCE ETF,7428865,INF754K01TX4
ECLERX,ECLERX SERVICES,3885825,INE738I01010
EDELWEISS,EDELWEISS FIN SERV,3870465,INE532F01054
EFCIL,EFC (I),194220801,INE886D01026
EGOLD,EDELWEISS GOLD ETF,5102849,INF754K01SE6
EGOLDINAV,EDELAMC - EGOLDINAV,5105665,
EICHERMOT,EICHER MOTORS,232961,INE066A01021
EIDPARRY,EID PARRY INDIA,234497,INE126A01031
EIEL,ENVIRO INFRA ENGINEERS L,6966529,INE0LLY01014
EIFFL,EURO (I) FRESH FOODS,1546241,INE546V01010
EIHAHOTELS,EIH ASSOCIATED HOTELS - OBEROI HOTELS,3942145,INE276C01014
EIHOTEL,EIH - OBEROI HOTELS,235265,INE230A01023
EIMCOELECO,EIMCO ELECON (INDIA),1034241,INE158B01016
EKC,EVEREST KANTO CYLINDERLTD,3351297,INE184H01027
ELANTAS,ELANTAS BECK INDIA,195239169,INE280B01018
ELCIDIN,ELCID INVESTMENTS,195240449,INE927X01018
ELDEHSG,ELDECO HSG & IND,2291969,INE668G01021
ELECON,ELECON ENG. CO.,3492609,INE205B01031
ELECTCAST,ELECTROSTEEL CASTINGS,237569,INE086A01029
ELECTHERM,ELECTROTHERM (I),1144065,INE822G01016
ELGIEQUIP,ELGI EQUIPMENTS,239873,INE285A01027
ELGIRUBCO,ELGI RUBBER CO.,6380545,INE819L01012
ELIN,ELIN ELECTRONICS,3436289,INE050401020
ELIQUID,EDELWEISS NIFTY 1D RATE LIQUID ETF,194423297,INF754K01VW2
ELIQUIINAV,EDELAMC - ELIQUIINAV,7820033,
ELITECON,ELITECON INTERNATIONAL L,195241729,INE669R01026
ELLEN,ELLENBARRIE INDUS GASES L,194192129,INE236E01022
ELM250,EDELWEISS NIFTY LARGEMIDCAP 250 ETF,194291713,INF754K01VV4
ELM250INAV,EDELAMC - ELM250INAV,7818753,
ELPROINTL,ELPRO INTERNATIONAL,1144577,INE579B01039
EMAMILTD,EMAMI,3460353,INE548C01032
EMAMIPAP,EMAMI PAPER MILLS,2578945,INE830C01026
EMBDL,EMBASSY DEVELOPMENTS,3699201,INE069I01010
EMCURE,EMCURE PHARMACEUTICALS L,6245889,INE168P01015
EMIL,ELECTRONICS MART IND,2951681,INE02YR01019
EMKAY,EMKAY GLOBAL FIN SERV,3435777,INE296H01011
EMLTMQINAV,EDELAMC - EMLTMQINAV,6655745,
EMMBI,EMMBI INDUSTRIES,4644353,INE753K01015
EMMVEE,EMMVEE PHOTOVOLTAIC PWR L,194490369,INE1C6T01020
EMSLIMITED,EMS,4759809,INE0OV601013
EMUDHRA,EMUDHRA,2497537,INE01QM01018
EMULTIMQ,EDELWEISS NIFTY500 MULTICAP MOMENTUM QUALITY 50 ETF,6654977,INF754K01TF1
ENDURANCE,ENDURANCE TECHNO.,4818433,INE913H01037
ENERGY,MIRAE ASSET NIFTY ENERGY ETF,194503681,INF769K01PR2
ENERGYDEV,ENERGY DEVE. CO.LTD,3852545,INE306C01019
ENERGYINAV,MIRAEAMC - ENERGYINAV,7826433,
ENEXT50,EDELAMC - ENEXT50,195466241,INF754K01XF3
ENEXTINAV,EDELAMC - ENEXTINAV,195468545,
ENGINERSIN,ENGINEERS INDIA,1256193,INE510A01028
ENIFTY,EDELWEISS NIFTY 50 ETF,194559489,INF754K01VX0
ENIFTYINAV,EDELAMC - ENIFTYINAV,7828225,
ENIL,ENTERTAIN NET. IND.,3377153,INE265F01028
ENRIN,SIEMENS ENERGY INDIA,193758977,INE1NPP01017
ENTERO,ENTERO HEALTHCARE SOLU L,5815553,INE010601016
EPACK,EPACK DURABLE,5750529,INE0G5901015
EPACKPEB,EPACK PREFAB TECHN,194368257,INE0MLS01022
EPIGRAL,EPIGRAL,1377793,INE071N01016
EPL,EPL,251137,INE255A01020
EQU200INAV,MIRAEAMC - EQU200INAV,7711745,
EQUA50INAV,MIRAEAMC - EQUA50INAV,7808769,
EQUAL200,MIRAE ASSET BSE 200 EQUAL WEIGHT ETF,7710977,INF769K01OA1
EQUAL50,MIRAE ASSET NIFTY50 EQUAL WEIGHT ETF,193828353,INF769K01OO2
EQUAL50ADD,DSP NIFTY 50 EQUAL WEIGHT ETF,1691137,INF740KA1QK2
EQUITASBNK,EQUITAS SMALL FIN BNK,233729,INE063P01018
ERIS,ERIS LIFESCIENCES,5415425,INE406M01024
ESABINDIA,ESAB INDIA,244481,INE284A01012
ESAFSFB,ESAF SMALL FINANCE BANK L,5088769,INE818W01011
ESCORTS,ESCORTS KUBOTA,245249,INE042A01014
ESENSEINAV,EDELAMC - ESENSEINAV,7827969,
ESENSEX,EDELWEISS BSE SENSEX ETF,194558721,INF754K01VY8
ESG,MIRAE ASSET NIFTY 100 ESG SECTOR LEADERS ETF,307201,INF769K01GS9
ESILINAV,EDELAMC - ESILVER,5186561,
ESILVER,EDELWEISS SILVER ETF,5185793,INF754K01SF3
ESSARSHPNG,ESSAR SHIPPING,6562305,INE122M01019
ESTER,ESTER INDUSTRIES,6211841,INE778B01029
ETERNAL,ETERNAL - ZOMATO,1304833,INE758T01015
ETHOSLTD,ETHOS,2496001,INE04TZ01018
EUREKAFORB,EUREKA FORBES,6441473,INE0KCE01017
EUROBOND,EURO PANEL PRODUCTS,194035969,INE505V01016
EUROPRATIK,EURO PRATIK SALES,194508033,INE198501012
EVEREADY,EVEREADY INDS. IND. ,3016193,INE128A01029
EVERESTIND,EVEREST INDUSTRIES,254209,INE295A01018
EVIETF,ICICI PRUDENTIAL NIFTY EV & NEW AGE AUTOMOTIVE ETF,193505537,INF109K1A153
EVIETFINAV,ICICIPRAMC - EVIETFINAV,7807745,
EVINDIA,MIRAE ASSET NIFTY EV AND NEW AGE AUTOMOTIVE ETF,6262017,INF769K01LQ3
EVINDINAV,MIRAEAMC - EVINDINAV,6263809,
EXCELINDUS,EXCEL INDUSTRIES,2936577,INE369A01029
EXCELSOFT,EXCELSOFT TECHNOLOGIES L,194561793,INE606N01019
EXICOM,EXICOM TELE SYSTEMS,5874433,INE777F01014
EXIDEIND,EXIDE INDUSTRIES,173057,INE302A01020
EXPLEOSOL,EXPLEO SOLUTIONS,4476417,INE201K01015
EXXARO,EXXARO TILES,1370113,INE0GFE01026
FABTECH,FABTECH TECHNOLOGIES,194592001,INE0HF201011
FACT,FACT,258049,INE188A01015
FAIRCHEMOR,FAIRCHEM ORGANICS,413185,INE0DNW01011
FAZE3Q,FAZE THREE,3072001,INE963C01033
FCL,FINEOTEX CHEMICAL,1586689,INE045J01034
FDC,FDC,1253889,INE258B01022
FEDDERSHOL,FEDDERS HOLDING,195244801,INE417D01020
FEDERALBNK,FEDERAL BANK,261889,INE171A01029
FEDFINA,FEDBANK FINANCIAL SER L,5202433,INE007N01010
FERMENTA,FERMENTA BIOTECH,195246081,INE225B01021
FIBERWEB,FIBERWEB INDIA,2088705,INE296C01020
FIEMIND,FIEM INDUSTRIES,3509761,INE737H01014
FILATEX,FILATEX INDIA,6280193,INE816B01035
FINCABLES,FINOLEX CABLES,265729,INE235A01022
FINEORG,FINE ORGANIC IND.,958465,INE686Y01026
FINIETF,ICICI PRUDENTIAL NIFTY FINANCIAL SERVICES EX-BANK ETF,3219969,INF109KC17L8
FINKURVE,FINKURVE FINANCIAL SERV L,194365185,INE734I01027
FINOPB,FINO PAYMENTS BANK,1684225,INE02NC01014
FINPIPE,FINOLEX INDUSTRIES,266497,INE183A01024
FIRSTCRY,BRAINBEES SOLUTIONS,6352385,INE02RE01045
FISCHER,FISCHER MEDICAL VENTURE L,193960449,INE771F01041
FIVESTAR,FIVE-STAR BUS FIN,3080193,INE128S01021
FLAIR,FLAIR WRITING INDUST,5215233,INE00Y201027
FLEXIADD,DSP NIFTY500 FLEXICAP QUALITY 30 ETF,194398209,INF740KA1WU9
FLEXIAINAV,DSPAMC - FLEXIAINAV,7820289,
FLUOROCHEM,GUJARAT FLUOROCHEM,3520001,INE09N301011
FMCGADD,DSPAMC - FMCGADD,195463681,INF740KA1ZA4
FMCGADINAV,DSPAMC - FMCGADINAV,195464449,
FMCGIETF,ICICI PRUDENTIAL NIFTY FMCG ETF,1358337,INF109KC19V3
FMGOETZE,FEDERAL-MOGUL GOETZE (IND,304641,INE529A01010
FOCUS,FOCUS LIGHTG & FIXTRS,1750017,INE593W01028
FOODSIN,FOODS & INNS,1708289,INE976E01023
FORCEMOT,FORCE MOTORS,2962689,INE451A01017
FORTIS,FORTIS HEALTHCARE,3735553,INE061F01013
FOSECOIND,FOSECO INDIA,274689,INE519A01011
FRACTAL,FRACTAL ANALYTICS,194806017,INE212S01015
FRONTSP,FRONTIER SPRINGS,195247361,INE572D01014
FSL,FIRSTSOURCE SOLU.,3661825,INE684F01012
FUSION,FUSION FINANCE,3054593,INE139R01012
GABRIEL,GABRIEL INDIA,277761,INE524A01029
GAEL,GUJARAT AMBUJA EXPORTS LT,2259969,INE036B01030
GAIL,GAIL (INDIA),1207553,INE129A01019
GALAPREC,GALA PRECISION ENG,6434305,INE0RE001014
GALAXYSURF,GALAXY SURFACTANTS,336641,INE600K01018
GALLANTT,GALLANTT ISPAT,3414273,INE297H01019
GANDHAR,GANDHAR OIL REFINE IND L,5197569,INE717W01049
GANDHITUBE,GANDHI SPL. TUBES,3613697,INE524B01027
GANECOS,GANESHA ECOSPHERE,1777665,INE845D01014
GANESHBE,GANESH BENZOPLAST,1437185,INE388A01029
GANESHCP,GANESH CONSUMER PRODUCT L,194307073,INE652V01016
GANESHHOU,GANESH HOUSING,3670785,INE460C01014
GANGAFORGE,GANGA FORGING,1268993,INE691Z01023
GANGESSECU,GANGES SECURITIES,5478145,INE335W01016
GARFIBRES,GARWARE TECH FIBRES,281601,INE276A01018
GARUDA,GARUDA CONSTRUCT N ENG L,6604801,INE0JVO01026
GATECH,GACM TECHNOLOGIES,4579329,INE224E01028
GATECHDVR,GACM TECHNOLOGIES,4353,INE224E01036
GATEWAY,GATEWAY DISTRIPARKS,2178561,INE079J01017
GAYAHWS,GAYATRI HIGHWAYS,945409,INE287Z01012
GCSL,GRETEX CORPORATE SERVICES,194300417,INE199P01028
GEECEE,GEECEE VENTURES,3496449,INE916G01016
GEEKAYWIRE,GEEKAY WIRES,4588033,INE669X01032
GEMAROMA,GEM AROMATICS,194422017,INE06XZ01023
GENCON,GENERIC ENG CONS PROJ,560129,INE854S01022
GENESYS,GENESYS INTL CORPN,2791681,INE727B01026
GENUSPAPER,GENUS P&B,1689601,INE949P01018
GENUSPOWER,GENUS POWER INFRASTRU,3047681,INE955D01029
GEOJITFSL,GEOJIT FINANCIAL SER L,3045377,INE007B01023
GESHIP,THE GE SHPG.LTD,3526657,INE017A01032
GFLLIMITED,GFL,329985,INE538A01037
GHCL,GHCL,288513,INE539A01019
GHCLTEXTIL,GHCL TEXTILES,4274177,INE0PA801013
GHOSPIINAV,GROWWAMC - GHOSPIINAV,7835649,
GICHSGFIN,GIC HOUSING FINANCE,291585,INE289B01019
GICL,GLOBE INTL CARRIERS,194822401,INE947T01022
GICRE,GENERAL INS CORP OF INDIA,70913,INE481Y01014
GILLANDERS,GILLANDERS ARBUTHNOT,4566785,INE047B01011
GILLETTE,GILLETTE INDIA,403457,INE322A01010
GILT10BETA,UTI NIFTY 10 YR BENCHMARK G-SEC ETF,5766145,INF789F1AZF3
GILT5BETA,UTI NIFTY 5 YR BENCHMARK G-SEC ETF,5765377,INF789F1AZE6
GILT5YBEES,NIPPON INDIA ETF NIFTY 5 YR BENCHMARK G-SEC,812033,INF204KC1030
GILT5YINAV,GILT5YBEES INAV,2597889,
GINNIFILA,GINNI FILAMENTS,292353,INE424C01010
GIPCL,GUJ IND POW CO.,293121,INE162A01010
GKENERGY,GK ENERGY,194316289,INE1AG301022
GKSL,GUJARAT KIDNEY N SUP SP L,194866433,INE0V0W01025
GKWLIMITED,GKW,4443393,INE528A01020
GLAND,GLAND PHARMA,303617,INE068V01023
GLAXO,GLAXOSMITHKLINE PHARMA LT,295169,INE159A01016
GLD360INAV,360ONEAMC - GLD360INAV,7712257,
GLDCASINAV,ZERODHAAMC - GLDCASINAV,5863425,
GLENMARK,GLENMARK PHARMACEUTICALS,1895937,INE935A01035
GLOBAL,GLOBAL EDUCATION,362241,INE291W01037
GLOBALVECT,GLOBAL VEC HELICORP,3516161,INE792H01019
GLOBE,GLOBE ENTERPRISE (I),100609,INE581X01021
GLOBUSSPR,GLOBUS SPIRITS,4460545,INE615I01010
GLOSTERLTD,GLOSTER,6039041,INE350Z01018
GMBREW,G M BREWERIES,299009,INE075D01018
GMDCLTD,GUJARAT MINERAL DEV CORP,1332225,INE131A01031
GMMPFAUDLR,GMM PFAUDLER,401921,INE541A01023
GMRAIRPORT,GMR AIRPORTS,3463169,INE776C01039
GMRP&UI,GMR POW AND URBAN INFRA L,2183425,INE0CU601026
GNA,GNA AXLES,4754177,INE934S01014
GNFC,GUJ NAR VAL FER & CHEM L,300545,INE113A01013
GNRL,GUJARAT NATURAL RES L,195248641,INE207H01018
GOACARBON,GOA CARBON,3759873,INE426D01013
GOCLCORP,GOCL CORPORATION,1014529,INE077F01035
GOCOLORS,GO FASHION INDIA,1782785,INE0BJS01011
GODAVARIB,GODAVARI BIOREFINERIES L,6640897,INE497S01012
GODFRYPHLP,GODFREY PHILLIPS INDIA LT,302337,INE260B01028
GODIGIT,GO DIGIT GENERAL INS,6092545,INE03JT01014
GODREJAGRO,GODREJ AGROVET,36865,INE850D01014
GODREJCP,GODREJ CONSUMER PRODUCTS,2585345,INE102D01028
GODREJIND,GODREJ INDUSTRIES,2796801,INE233A01035
GODREJPROP,GODREJ PROPERTIES,4576001,INE484J01027
GOKEX,GOKALDAS EXPORTS,3015169,INE887G01027
GOKUL,GOKUL REFOILS & SOLV,4276481,INE020J01029
GOKULAGRO,GOKUL AGRO RESOURCES,3706881,INE314T01033
GOLD1,KOTAK GOLD ETF,3803649,INF174KA1HJ8
GOLD360,360 ONE GOLD ETF,7706881,INF579M01BB5
GOLDADD,DSP GOLD ETF,3931137,INF740KA1SW3
GOLDBDINAV,BANDHANAMC - GOLDBDINAV,7829761,
GOLDBEES,NIPPON INDIA ETF GOLD BEES,3693569,INF204KB17I5
GOLDBEINAV,GOLDBEES NAV,2106113,
GOLDBETA,UTI MUTUAL FUND - UTI GOLD EXCHANGE TRADED FUND,3720961,INF789F1AUX7
GOLDBND,BANDHAN GOLD ETF,194643201,INF194KB1KJ7
GOLDCASE,ZERODHA GOLD ETF,5862657,INF0R8F01042
GOLDETF,MIRAE ASSET GOLD ETF,3657217,INF769K01JP9
GOLDIAM,GOLDIAM INTERNATIONAL,3064577,INE025B01025
GOLDIETF,ICICI PRUDENTIAL GOLD ETF,5037825,INF109KC1NT3
GOLDSHINAV,GOLDSHARE NAV,2106881,
GOLDTECH,AION-TECH SOLUTIONS,2527745,INE805A01014
GOODLUCK,GOODLUCK INDIA,1568001,INE127I01024
GOODYEAR,GOODYEAR INDIA,308481,INE533A01012
GOPAL,GOPAL SNACKS,5904897,INE0L9R01028
GOYALALUM,GOYAL ALUMINIUMS,3017473,INE705X01026
GPIL,GODAWARI POW & ISP,3432705,INE177H01039
GPPL,GUJARAT PIPAVAV PORT,5051137,INE517F01014
GPTHEALTH,GPT HEALTHCARE,5848577,INE486R01017
GPTINFRA,GPT INFRAPROJECTS,4527361,INE390G01014
GRADIENTE,GRADIENTE INFOTAINMENT L,195404545,INE361K01017
GRANDOAK,GRAND OAK CANYONS DIST L,195249921,INE926B01016
GRANULES,GRANULES INDIA,3039233,INE101D01020
GRAPHITE,GRAPHITE INDIA,151553,INE371A01025
GRASIM,GRASIM INDUSTRIES,315393,INE047A01021
GRAUWEIL,GRAUER & WEIL IND,1331201,INE266D01021
GRAVISSHO,GRAVISS HOSPITALITY,195251201,INE214F01026
GRAVITA,GRAVITA INDIA,5256705,INE024L01027
GRCAPMINAV,GROWWAMC - GRCAPMINAV,7829249,
GREAVESCOT,GREAVES COTTON,316161,INE224A01026
GREENLAM,GREENLAM INDUSTRIES,1753089,INE544R01021
GREENPANEL,GREENPANEL INDUSTRIES,3535361,INE08ZM01014
GREENPLY,GREENPLY INDUSTRIES,1020673,INE461C01038
GREENPOWER,ORIENT GREEN POWER CO,5148161,INE999K01014
GRINDWELL,GRINDWELL NORTON,3471361,INE536A01023
GRINFRA,G R INFRAPROJECTS,1293825,INE201P01022
GRMOVER,GRM OVERSEAS,2782977,INE192H01020
GRN200INAV,GROWWAMC - GRN200INAV,7656193,
GRO250INAV,GROWWAMC - GRO250INAV,7825921,
GROBTEA,THE GROB TEA COMPANY,4549121,INE646C01018
GROLIQINAV,GROWWAMC - GROLIQINAV,6520065,
GRONIFINAV,GROWWAMC - GRONIFINAV,7815937,
GROWEVINAV,GROWWAMC - GROWEVINAV,6349057,
GROWLOINAV,GROWWAMC - GROWLOINAV,7813121,
GROWMOINAV,GROWWAMC - GROWMOINAV,7808001,
GROWSLINAV,GROWWAMC - GROWSLINAV,7809281,
GROWW,BILLIONBRAINS GARAGE VN L,194510337,INE0HOQ01053
GROWWCAPM,GROWW NIFTY CAPITAL MARKETS ETF,194573057,INF666M01MM4
GROWWCHEM,GROWW NIFTY CHEMICALS ETF,194732289,INF666M01NP5
GROWWDEFNC,GROWW NIFTY INDIA DEFENCE ETF,6594049,INF666M01IO8
GROWWEINAV,GROWWAMC - GROWWEINAV,7833857,
GROWWEV,GROWW NIFTY EV & NEW AGE AUTOMOTIVE ETF,6348289,INF666M01IH2
GROWWGINAV,GROWWAMC - GROWWGINAV,6624001,
GROWWGOLD,GROWW GOLD ETF,6623233,INF666M01OE7
GROWWHOSPI,GROWWAMC - GROWWHOSPI,194783745,INF666M01OD9
GROWWLIQID,GROWW NIFTY 1D RATE LIQUID ETF,6514433,INF666M01IP5
GROWWLOVOL,GROWW NIFTY 500 LOW VOLATILITY 50 ETF,194124801,INF666M01LB9
GROWWMC150,GROWW NIFTY MIDCAP 150 ETF,194488065,INF666M01MV5
GROWWMETAL,GROWW NIFTY METAL ETF,194672129,INF666M01NI0
GROWWMOM50,GROWW NIFTY 500 MOMENTUM 50 ETF,193558017,INF666M01KJ4
GROWWN200,GROWW NIFTY 200 ETF,7647233,INF666M01JV1
GROWWNET,GROWW NIFTY INDIA INTERNET ETF,194000385,INF666M01LI4
GROWWNIFTY,GROWW NIFTY 50 ETF,194226433,INF666M01LL8
GROWWNINAV,GROWWAMC - GROWWNINAV,7814913,
GROWWNXT50,GROWW NIFTY NEXT 50 ETF,194421249,INF666M01LZ8
GROWWPINAV,GROWWAMC - GROWWPINAV,7816961,
GROWWPOWER,GROWW BSE POWER ETF,194090241,INF666M01LM6
GROWWPSE,GROWWAMC - GROWWPSE,194809857,INF666M01NQ3
GROWWPSUBK,GROWWAMC - GROWWPSUBK,194947585,INF666M01OG2
GROWWRAIL,GROWW NIFTY INDIA RAILWAYS PSU ETF,7558913,INF666M01JJ6
GROWWRINAV,GROWWAMC - GROWWRINAV,7819777,
GROWWRLTY,GROWW NIFTY REALTY ETF,194413569,INF666M01MN2
GROWWSC250,GROWW NIFTY SMALLCAP 250 ETF,194437633,INF666M01MO0
GROWWSLVR,GROWW SILVER ETF,193747713,INF666M01OF4
GRPLTD,GRP,1675009,INE137I01015
GRRAILINAV,GROWWAMC - GRRAILINAV,7559681,
GRSE,GARDEN REACH SHIP&ENG,1401601,INE382Z01011
GRW150INAV,GROWWAMC - GRW150INAV,7826945,
GRWCHEINAV,GROWWAMC - GRWCHEINAV,7833345,
GRWMTLINAV,GROWWAMC - GRWMTLINAV,7831297,
GRWN50INAV,GROWWAMC - GRWN50INAV,7818241,
GRWPSUINAV,GROWWAMC - GRWPSUINAV,7836673,
GRWRHITECH,GARWARE HI-TECH FILMS,2043393,INE291A01017
GRWWDFINAV,GROWWAMC - GRWWDFINAV,6599937,
GSEC10ABSL,ADITYA BIRLA SUN LIFE CRISIL 10 YEAR GILT ETF,6360833,INF209KC1142
GSEC10IETF,ICICI PRUDENTIAL NIFTY 10 YR BENCHMARK G-SEC ETF,3364609,INF109KC18O0
GSEC10INAV,BIRLASLAMC - GSEC10INAV,6361601,
GSEC10YEAR,MIRAE ASSET NIFTY 8-13 YR G-SEC ETF,3824129,INF769K01KF8
GSEC5IETF,ICICI PRUDENTIAL NIFTY 5 YR BENCHMARK G-SEC ETF,2135553,INF109KC14A8
GSFC,GUJ STATE FERT & CHEM,319233,INE026A01025
GSLSU,GLOBAL SURFACES,3737345,INE0JSX01015
GSPCROP,GSP CROP SCIENCE,195133185,INE713R01022
GTL,GTL,297473,INE043A01012
GTLINFRA,GTL INFRA.LTD,3518721,INE221H01019
GTPL,GTPL HATHWAY,5425921,INE869I01013
GUFICBIO,GUFIC BIOSCIENCES,2971137,INE742B01025
GUJALKALI,GUJARAT ALKALIES & CHEM,324353,INE186A01019
GUJAPOLLO,GUJ. APOLLO IND.,3757313,INE826C01016
GUJGASLTD,GUJARAT GAS,2713345,INE844O01030
GUJRAFFIA,GUJARAT RAFFIA INDUST,1164289,INE610B01024
GUJTHEM,GUJARAT THEMIS BIOSYN,7611137,INE942C01045
GULFOILLUB,GULF OIL LUB. IND.,1124097,INE635Q01029
GULPOLY,GULSHAN POLYOLS,1609217,INE255D01024
GVPIL,GE POWER INDIA,2012673,INE878A01011
GVPTECH,GVP INFOTECH,2781441,INE382T01030
GVT&D,GE VERNOVA T&D INDIA,4296449,INE200A01026
HAL,HINDUSTAN AERONAUTICS,589569,INE066F01020
HALDER,HALDER VENTURE,194743041,INE115S01010
HALDYNGL,HALDYN GLASS,195252481,INE506D01020
HALEOSLABS,HALEOS LABS,5517057,INE320X01016
HAPPSTMNDS,HAPPIEST MINDS TECHNO,12289,INE419U01012
HAPPYFORGE,HAPPY FORGINGS,5338625,INE330T01021
HARDWYN,HARDWYN INDIA,2294273,INE626Z01029
HARIOMPIPE,HARIOM PIPE INDUSTRIES L,2295809,INE00EV01017
HARRMALAYA,HARRISON MALAYALAM,336129,INE544A01019
HARSHA,HARSHA ENGINEERS INT,2857473,INE0JUS01029
HATHWAY,HATHWAY CABLE & DATACOM,4647425,INE982F01036
HATSUN,HATSUN AGRO PRODUCT,996353,INE473B01035
HAVELLS,HAVELLS INDIA,2513665,INE176B01034
HAVISHA,SRI HAVISHA HOSP & INFR L,1908993,INE293B01029
HAWKINCOOK,HAWKINS COOKERS,1137665,INE979B01015
HBANKEINAV,HBANKETF INAV,2565633,
HBESD,H B ESTATE DEVELOPERS L,195254273,INE640B01021
HBLENGINE,HBL ENGINEERING,3575297,INE292B01021
HBS500INAV,HDFCAMC - HBS500INAV,3645185,
HCC,HINDUSTAN CONSTRUCTION CO,352001,INE549A01026
HCG,HEALTHCARE GLOB. ENT.,3982081,INE075I01017
HCL-INSYS,HCL INFOSYSTEMS,339713,INE236A01020
HCLTECH,HCL TECHNOLOGIES,1850625,INE860A01027
HDBFS,HDB FINANCIAL SERVICES L,193989633,INE756I01012
HDF100INAV,HDFCNIF100 INAV,2709249,
HDFC50INAV,HDFCNEXT50 INAV,2709505,
HDFCAMC,HDFC AMC,1086465,INE127D01025
HDFCBANK,HDFC BANK,341249,INE040A01034
HDFCBSE500,HDFC BSE 500 ETF,3642881,INF179KC1EZ4
HDFCGOLD,HDFC GOLD ETF,5003009,INF179KC1981
HDFCGRINAV,HDFCAMC - HDFCGRINAV,2884097,
HDFCGROWTH,HDFC NIFTY GROWTH SECTORS 15 ETF,2877697,INF179KC1DJ0
HDFCLIFE,HDFC LIFE INS CO,119553,INE795G01014
HDFCLIQUID,HDFC NIFTY 1D RATE LIQUID ETF - GROWTH,4679425,INF179KC1JG3
HDFCLOWVOL,HDFC NIFTY100 LOW VOLATILITY 30 ETF,2956033,INF179KC1HU8
HDFCLVINAV,HDFCAMC - HDFCLOWVOL,2957569,
HDFCMFINAV,HDFCMFGETF NAV,2109697,
HDFCMID150,HDFC NIFTY MIDCAP 150 ETF,3644417,INF179KC1HT0
HDFCMOINAV,HDFCAMC - HDFCMOMENT,2957057,
HDFCMOMENT,HDFC NIFTY200 MOMENTUM 30 ETF,2953729,INF179KC1HV6
HDFCNEXT50,HDFC NIFTY NEXT 50 ETF,2718465,INF179KC1HS2
HDFCNFINAV,HDFCNIFETF INAV,2565889,
HDFCNIF100,HDFC NIFTY 100 ETF,2722049,INF179KC1HR4
HDFCNIFBAN,HDFC NIFTY BANKING ETF,5742849,INF179KC1HY0
HDFCNIFIT,HDFC NIFTY IT ETF,3097857,INF179KC1IA8
HDFCNIFTY,HDFC NIFTY 50 ETF,2967297,INF179KC1965
HDFCNIINAV,HDFCAMC - HDFCNIINAV,4332033,
HDFCPBINAV,HDFCAMC - HDFCPBINAV,3102465,
HDFCPSUBK,HDFC NIFTY PSU BANK ETF,5784321,INF179KC1HW4
HDFCPVTBAN,HDFC NIFTY PRIVATE BANK ETF,3099649,INF179KC1HZ7
HDFCQUAL,HDFC NIFTY100 QUALITY 30 ETF,2881281,INF179KC1DL6
HDFCQUINAV,HDFCAMC - HDFCQUINAV,2884353,
HDFCSEINAV,HDFCSENETF INAV,2566145,
HDFCSENSEX,HDFC BSE SENSEX ETF,2967809,INF179KC1HX2
HDFCSIINAV,HDFCAMC - HDFCSIINAV,2786049,
HDFCSILVER,HDFC SILVER ETF,2784257,INF179KC1DI2
HDFCSML250,HDFC NIFTY SMALLCAP 250 ETF,3643649,INF179KC1FB2
HDFCVALUE,HDFC NIFTY50 VALUE 20 ETF,2882561,INF179KC1DK8
HDFCVLINAV,HDFCAMC - HDFCVLINAV,2885633,
HDFLIQINAV,HDFCAMC - HDFLIQINAV,4680193,
HDFPBKINAV,HDFCAMC HDFPBKINAV,5785345,
HEADSUP,HEADS UP VENTURES,4916481,INE759V01019
HEALADINAV,DSPAMC - HEALADINAV,5785089,
HEALTHADD,DSP NIFTY HEALTHCARE ETF,5783553,INF740KA1UF4
HEALTHCARE,MIRAEAMC - HEALTHCARE,194812417,INF769K01QA6
HEALTHIETF,ICICI PRUDENTIAL NIFTY HEALTHCARE ETF,928257,INF109KC1Q72
HEALTHINAV,HEALTHY INAV,2550529,
HEALTHX,HEALTH X PLATFORM,5136129,INE019J01013
HEALTHY,ADITYA BIRLA SUN LIFE NIFTY HEALTHCARE ETF,1612033,INF209KB10C2
HECPROJECT,HEC INFRA PROJECTS,1900801,INE558R01013
HEG,HEG,342017,INE545A01024
HEIDELBERG,HEIDELBERGCEMENT (I),592897,INE578A01017
HEMIPROP,HEMISPHERE PROP IND,179457,INE0AJG01018
HERANBA,HERANBA INDUSTRIES,669185,INE694N01015
HERITGFOOD,HERITAGE FOODS,1177089,INE978A01027
HEROMOTOCO,HERO MOTOCORP,345089,INE158A01026
HESTERBIO,HESTER BIOSCIENCES,1804289,INE782E01017
HEXATRADEX,HEXA TRADEX,6914049,INE750M01017
HEXT,HEXAWARE TECHNOLOGIES,7594497,INE093A01041
HFCL,HFCL,5619457,INE548A01028
HGINFRA,H.G.INFRA ENGINEERING,428033,INE926X01010
HGM,HANDSON GBL MNGMNT,3479553,INE596H01014
HGS,HINDUJA GLOBAL SOLS.,3766273,INE170I01016
HIKAL,HIKAL,2475009,INE475B01022
HIMATSEIDE,HIMATSINGKA SEIDE,348161,INE049A01027
HINDALCO,HINDALCO  INDUSTRIES ,348929,INE038A01020
HINDCOMPOS,HINDUSTAN COMPOSITES,351233,INE310C01029
HINDCOPPER,HINDUSTAN COPPER,4592385,INE531E01026
HINDOILEXP,HINDUSTAN OIL EXPLORATION,359169,INE345A01011
HINDPETRO,HINDUSTAN PETROLEUM CORP,359937,INE094A01015
HINDUNILVR,HINDUSTAN UNILEVER,356865,INE030A01027
HINDWAREAP,HINDWARE HME INOVATON,4066049,INE05AN01011
HINDZINC,HINDUSTAN ZINC,364545,INE267A01025
HIRECT,HIND RECTIFIER,3555841,INE835D01023
HISARMETAL,HISAR METAL IND.,4946433,INE598C01011
HITECH,HI-TECH PIPES,734209,INE106T01025
HLEGLAS,HLE GLASCOAT,585985,INE461D01028
HLTCREINAV,MIRAEAMC - HLTCREINAV,7834113,
HLVLTD,HLV,370689,INE102A01024
HMAAGRO,HMA AGRO INDUSTRIES,4365569,INE0ECP01024
HMI150INAV,HDFCAMC - HMI150INAV,3645697,
HMVL,HINDUSTAN MEDIA VENT,4918017,INE871K01015
HNDFDS,HINDUSTAN FOODS,3116289,INE254N01026
HNGSNGBEES,NIPPON INDIA ETF HANG SENG BEES,4680705,INF204KB19I1
HOMEFIRST,HOME FIRST FIN CO IND,526337,INE481N01025
HONASA,HONASA CONSUMER - MAMAEARTH,5072129,INE0J5401028
HONAUT,HONEYWELL AUTOMATION IND,874753,INE671A01010
HONDAPOWER,HONDA I POWER PRODUCT,803329,INE634A01018
HPAL,HP ADHESIVES,1888257,INE0GSL01024
HPIL,HINDPRAKASH INDUSTRY,3019777,INE05X901010
HPL,HPL ELECTRIC & POWER,4781825,INE495S01016
HSBCGDINAV,HSBCAMC - HSBCGDINAV,7836417,
HSBCGOLD,HSBCAMC - HSBCGOLD,194945537,INF336L01RX2
HSCL,HIMADRI SPECIALITY CHEM L,3669505,INE019C01026
HSM250INAV,HDFCAMC - HSM250INAV,3646209,
HTMEDIA,HT MEDIA,3066625,INE501G01024
HUBTOWN,HUBTOWN,3635969,INE703H01016
HUDCO,HSG & URBAN DEV CORPN,5331201,INE031A01017
HUHTAMAKI,HUHTAMAKI INDIA,655873,INE275B01026
HYBRIDFIN,HYBRID FINANCIAL SERVICE,3279105,INE965B01022
HYUNDAI,HYUNDAI MOTOR INDIA,6616065,INE0V6F01027
IBMFNIINAV,IBMFNIFTY INAV,2576897,
IC10GSINAV,ICICIPRAMC - IC10GSINAV,3371265,
ICDSLTD,ICDS,1786113,INE613B01010
ICEMAKE,ICE MAKE REFRIGERAT,125185,INE520Y01019
ICICI1INAV,ICICINF100 INAV,2572801,
ICICI2INAV,ICICIB22 INAV,2567169,
ICICI5INAV,ICICI500 INAV,2572289,
ICICIAINAV,ICICIALPLV INAV,2572545,
ICICIAMC,ICICI PRUDENTIAL AMC,194664193,INE346A01027
ICICIB22,BHARAT 22 ETF,133633,INF109KB15Y7
ICICIBANK,ICICI BANK,1270529,INE090A01021
ICICIBINAV,ICICIBANKP INAV,2575105,
ICICICINAV,ICICICONSU INAV,2567937,
ICICIFINAV,ICICIFMCG INAV,2568449,
ICICIGI,ICICI LOMBARD GIC,5573121,INE765G01017
ICICIGINAV,ICICIGOLD NAV,2110721,
ICICIKINAV,ICICIBANKN INAV,2566401,
ICICILINAV,ICICILOVOL INAV,2574593,
ICICIMINAV,ICICIM150 INAV,2571521,
ICICININAV,ICICINV20 INAV,2574849,
ICICIOINAV,ICICIAUTO INAV,2567681,
ICICIPINAV,ICICIMCAP INAV,2566657,
ICICIPRULI,ICICI PRU LIFE INS CO,4774913,INE726G01019
ICICIQINAV,ICICILIQ INAV,2571265,
ICICIRINAV,ICICIPHARM INAV,2570753,
ICICISINAV,ICICISILVE NAV,2107649,
ICICITINAV,ICICITECH INAV,2571009,
ICICIXINAV,ICICINXT50 INAV,2572033,
ICICIYINAV,ICICINIFTY INAV,2573825,
ICICMOINAV,ICICIPRAMC - ICICMOINAV,2710785,
ICICOMINAV,ICICIPRAMC - ICICOMINAV,3382785,
ICIFININAV,ICICIPRAMC-ICIFININAV,3223809,
ICIL,INDO COUNT INDUSTRIES,3068673,INE483B01026
ICINFRINAV,ICICIPRAMC - ICINFRINAV,2753537,
ICIQ30INAV,ICICIPRAMC - ICIQ30INAV,4562433,
ICISECINAV,ICICI5GSEC INAV,2606849,
ICISENINAV,ICICISENSX INAV,2608385,
ICRA,ICRA,3717889,INE725G01011
IDBI,IDBI BANK,377857,INE008A01015
IDBIGOINAV,IDBIGOLD NAV,2108161,
IDEA,VODAFONE IDEA,3677697,INE669E01016
IDFCFIRSTB,IDFC FIRST BANK,2863105,INE092T01019
IDFNIFINAV,IDFNIFTYET INAV,2575873,
IDFNIFTYET,BANDHAN NIFTY 50 ETF,4808449,INF194KA1U07
IEX,INDIAN ENERGY EXC,56321,INE022Q01020
IFBIND,IFB INDUSTRIES,380161,INE559A01017
IFCI,IFCI,381697,INE039A01010
IFGLEXPOR,IFGL REFRACTORIES,111617,INE133Y01011
IGARASHI,IGARASHI MOTORS INDIA,162305,INE188B01013
IGCL,INDOGULF CROPSCIENCES,193997057,INE05J901018
IGIL,INTL GEMOLOGICAL INST,7264769,INE0Q9301021
IGL,INDRAPRASTHA GAS,2883073,INE203G01027
IGPL,I G PETROCHEMICALS,3606017,INE204A01010
IIFL,IIFL FINANCE,3023105,INE530B01024
IIFLCAPS,IIFL CAPITAL SERVICES,3346433,INE489L01022
IITL,INDUSTRIAL INV TRUST,4998401,INE886A01014
IKIO,IKIO TECHNOLOGIES,4306433,INE0LOJ01019
IKS,INVENTURUS KNOWLEDGE SO L,7200001,INE115Q01022
IMAGICAA,IMAGICAAWORLD ENT,1964033,INE172N01012
IMFA,INDIAN METALS & FERRO,4924161,INE919H01018
IMPAL,IND MOTOR PART & ACC,3074305,INE547E01014
INA,INSOLATION ENERGY,194841345,INE0LGX01024
INCREDIBLE,INCREDIBLE INDUSTRIES,4481793,INE452L01012
INDBANK,INDBANK MERCH BANK,4334849,INE841B01017
INDGN,INDEGENE,6065409,INE065X01017
INDHOTEL,THE INDIAN HOTELS CO.,387073,INE053A01029
INDIACEM,THE INDIA CEMENTS,387841,INE383A01012
INDIAGLYCO,INDIA GLYCOLS,389377,INE560A01023
INDIAMART,INDIAMART INTERMESH,2745857,INE933S01016
INDIANB,INDIAN BANK,3663105,INE562A01011
INDIANCARD,INDIAN CARD CLOTHING CO.,1132033,INE061A01014
INDIANHUME,INDIAN HUME PIPE CO.,391681,INE323C01030
INDIASHLTR,INDIA SHELTER FIN CORP L,5262337,INE922K01024
INDIGO,INTERGLOBE AVIATION,2865921,INE646L01027
INDIGOPNTS,INDIGO PAINTS,524289,INE09VQ01012
INDIQUBE,INDIQUBE SPACES,194008321,INE06ST01018
INDNIPPON,INDIA NIPPON ELECT ,1215233,INE092B01025
INDOAMIN,INDO AMINES,2333697,INE760F01028
INDOBORAX,INDO BORAX & CHEMICAL,2205185,INE803D01021
INDOCO,INDOCO REMEDIES,2989313,INE873D01024
INDOFARM,INDO FARM EQUIPMENT,7430401,INE622H01018
INDORAMA,INDO RAMA SYNTHETICS,2814209,INE156A01020
INDOSTAR,INDOSTAR CAPITAL FIN,790529,INE896L01010
INDOTHAI,INDO THAI SEC,6555649,INE337M01021
INDOUS,INDO US BIOTECH,6528769,INE250Z01010
INDPRUD,INDUSTRIAL & PRU INV CO L,195255553,INE620D01011
INDRAMEDCO,INDRAPRASTHA MEDICAL CORP,1216257,INE681B01017
INDSWFTLAB,IND SWIFT LABORATORIES LT,1246721,INE915B01019
INDTERRAIN,IND TERRAIN FASHIONS,5620993,INE611L01021
INDUSINDBK,INDUSIND BANK,1346049,INE095A01012
INDUSTOWER,INDUS TOWERS,7458561,INE121J01017
INFOBEAN,INFOBEANS TECHNO.,2822913,INE344S01016
INFOMEDIA,INFOMEDIA PRESS,3505409,INE669A01022
INFRA,MIRAEAMC - INFRA,194823681,INF769K01QB4
INFRABEES,NIPPON INDIA ETF INFRA BEES,5138433,INF732E01268
INFRAIETF,ICICI PRUDENTIAL NIFTY INFRASTRUCTURE ETF,2745089,INF109KC16E5
INFRAINAV,MIRAEAMC - INFRAINAV,7834369,
INFY,INFOSYS,408065,INE009A01021
INGERRAND,INGERSOLL-RAND INDIA,408833,INE177A01018
INNOVACAP,INNOVA CAPTAB,5391873,INE0DUT01020
INNOVANA,INNOVANA THINKLABS,7105025,INE403Y01018
INNOVISION,INNOVISION,194951169,INE0ADB01012
INOXGREEN,INOX GREEN ENERGY SER,3120129,INE510W01014
INOXINDIA,INOX INDIA,5275393,INE616N01034
INOXWIND,INOX WIND,2010113,INE066P01011
INSECTICID,INSECTICIDES (I),3752193,INE070I01018
INTELLECT,INTELLECT DESIGN ARENA,1517057,INE306R01017
INTENTECH,INTENSE TECHNOLOGIES,5138177,INE781A01025
INTERARCH,INTERARCH BLDNG SOLTN,6376705,INE00M901018
INTERNET,MIRAE ASSET NIFTY INDIA INTERNET ETF,194200321,INF769K01PB6
INTERNINAV,MIRAEAMC - INTERNINAV,7815169,
INTLCONV,INTL CONVEYORS,1435137,INE575C01027
INVENTURE,INVENTURE GRO & SEC,6366721,INE878H01024
INVPRECQ,INVESTMENT & PREC CAST L,195256833,INE155E01016
IOB,INDIAN OVERSEAS BANK,2393089,INE565A01014
IOC,INDIAN OIL CORP,415745,INE242A01010
IOLCP,IOL CHEM AND PHARMA,5225729,INE485C01029
IONEXCHANG,ION EXCHANGE (INDIA),417281,INE570A01022
IPCALAB,IPCA LABORATORIES,418049,INE571A01038
IPL,INDIA PESTICIDES,1263105,INE0D6701023
IRB,IRB INFRA DEV,3920129,INE821I01022
IRCON,IRCON INTERNATIONAL,1276417,INE962Y01021
IRCTC,INDIAN RAIL TOUR CORP,3484417,INE335Y01020
IREDA,INDIAN RENEWABLE ENERGY,5186817,INE202E01016
IRFC,INDIAN RAILWAY FIN CORP L,519425,INE053F01010
IRIS,IRIS REGTECH SOLUTION,1661185,INE864K01010
IRISDOREME,IRIS CLOTHINGS,582401,INE01GN01025
IRMENERGY,IRM ENERGY,5016833,INE07U701015
ISFT,INTRASOFT TECH.,4730625,INE566K01011
ISGEC,ISGEC HEAVY ENG,852225,INE858B01029
ISHANCH,ISHAN DYES N CHEMICALS L,7743745,INE561M01018
IT,KOTAK NIFTY IT ETF,672513,INF174KA1GC5
ITADD,DSP NIFTY IT ETF,4404993,INF740KA1SX1
ITBEES,NIPPON INDIA ETF NIFTY IT,4885505,INF204KB15V2
ITBEESINAV,ITBEES INAV,2596097,
ITBETA,UTI NIFTY IT ETF,5756929,INF789F1AZD8
ITC,ITC,424961,INE154A01025
ITCHOTELS,ITC HOTELS,7488257,INE379A01028
ITDC,INDIA TOUR. DEV. CO.,4940545,INE353K01014
ITETF,MIRAE ASSET NIFTY IT ETF,5026049,INF769K01KV5
ITETFINAV,MIRAEAMC - ITETFINAV,5028865,
ITI,ITI,428801,INE248A01017
ITIETF,ICICI PRUDENTIAL NIFTY IT ETF,5725441,INF109KC16I6
IVALUE,IVALUE INFOSOLUTIONS,194314497,INE056801025
IVC,IL&FS INVESTMENT MANAGERS,1718017,INE050B01023
IVP,IVP,430337,INE043C01018
IVZINGINAV,IVZINGOLD NAV,2108417,
IVZINGOLD,INVESCO INDIA GOLD EXCHANGE TRADED FUND,4682753,INF205KA1BP1
IVZINNIFTY,INVESCO INDIA NIFTY 50 EXCHANGE TRADED FUND,6199553,INF205K01DA9
IVZINNINAV,IVZINNIFTY INAV,2578177,
IWP,INDIAN WOOD PRODUCTS CO L,195258113,INE586E01020
IXIGO,LE TRAVENUES TECHNOLOGY L,6161153,INE0HV901016
IZMO,IZMO,3628545,INE848A01014
J&KBANK,J & K BANK,1442049,INE168A01041
JAGRAN,JAGRAN PRAKASHAN,3382017,INE199G01027
JAGSNPHARM,JAGSONPAL PHARMACEUTICALS,1128961,INE048B01035
JAICORPLTD,JAI CORP,1316609,INE070D01027
JAINREC,JAIN RESOURCE RECYCLING L,194366465,INE0YD401026
JAIPURKURT,NANDANI CREATION,1412097,INE696V01013
JAMNAAUTO,JAMNA AUTO IND,5319169,INE039C01032
JARO,JARO INS OF TEC MG N RE L,194547457,INE00YJ01010
JASH,JASH ENGINEERING,3579393,INE039O01029
JAYAGROGN,JAYANT AGRO ORGANICS,1034497,INE785A01026
JAYBARMARU,JAY BHARAT MARUTI,437249,INE571B01036
JAYKAY,JAYKAY ENTERPRISES,194578689,INE903A01025
JAYNECOIND,JAYASWAL NECO INDUSTR,596737,INE854B01010
JAYSREETEA,JAYSHREE TEA & INDUSTRIES,440321,INE364A01020
JBCHEPHARM,J B CHEMICALS AND PHARMA,441857,INE572A01036
JBMA,JBM AUTO,2983681,INE927D01051
JETFREIGHT,JET FREIGHT LOGISTICS,1846017,INE982V01025
JGCHEM,J.G.CHEMICALS,5902337,INE0MB501011
JHS,JHS SVEND. LAB.,3512321,INE544H01014
JINDALPHOT,JINDAL PHOTO,3006209,INE796G01012
JINDALPOLY,JINDAL POLY FILMS,449537,INE197D01010
JINDALSAW,JINDAL SAW,774145,INE324A01032
JINDALSTEL,JINDAL STEEL,1723649,INE749A01030
JINDRILL,JINDAL DRILLING IND.,3552001,INE742C01031
JINDWORLD,JINDAL WORLDWIDE,5284353,INE247D01039
JIOFIN,JIO FIN SERVICES,4644609,INE758E01017
JISLDVREQS,JAIN DVR EQUITY SHARES,6575105,IN9175A01010
JISLJALEQS,JAIN IRRIGATION SYSTEMS,2661633,INE175A01038
JITFINFRA,JITF INFRALOGISTICS,5040897,INE863T01013
JKCEMENT,JK CEMENT,3397121,INE823G01014
JKIL,JKUMAR INFR.LTD.,3908097,INE576I01022
JKLAKSHMI,JK LAKSHMI CEMENT,3453697,INE786A01032
JKPAPER,JK PAPER,3036161,INE789E01012
JKTYRE,JK TYRE & INDUSTRIES,3695361,INE573A01042
JLHL,JUPITER LIFE LINE HOSP L,4749569,INE682M01012
JMA,JULLUNDUR MOT AGENCY,1819905,INE412C01023
JMFINANCIL,JM FINANCIAL,3491073,INE780C01023
JNKINDIA,JNK INDIA,6046977,INE0OAF01028
JPOLYINVST,JIND POL INV & FIN CO,8065793,INE147P01019
JPPOWER,JAIPRAKASH POWER VEN.,3011329,INE351F01018
JSFB,JANA SMALL FIN BANK,5801729,INE953L01027
JSL,JINDAL STAINLESS,2876417,INE220G01021
JSLL,JEENA SIKHO LIFECARE,194077441,INE0J5801029
JSWCEMENT,JSW CEMENT,194165761,INE718I01012
JSWDULUX,JSW DULUX,375553,INE133A01011
JSWENERGY,JSW ENERGY,4574465,INE121E01018
JSWHL,JSW HOLDINGS,3041281,INE824G01012
JSWINFRA,JSW INFRASTRUCTURE,4869121,INE880J01026
JSWSTEEL,JSW STEEL,3001089,INE019A01038
JTEKTINDIA,JTEKT INDIA,828673,INE643A01035
JTLIND,JTL INDUSTRIES,1865473,INE391J01032
JUBLCPL,JUBILANT AGRI N CON PRO L,7575041,INE03CC01015
JUBLFOOD,JUBILANT FOODWORKS,4632577,INE797F01020
JUBLINGREA,JUBILANT INGREVIA,712449,INE0BY001018
JUBLPHARMA,JUBILANT PHARMOVA,931073,INE700A01033
JUNIORBEES,NIPPON INDIA ETF NIFTY NEXT 50 JUNIOR BEES,2800385,INF732E01045
JUNIPER,JUNIPER HOTELS,5842945,INE696F01016
JUSTDIAL,JUSTDIAL,7670273,INE599M01018
JWL,JUPITER WAGONS,5177345,INE209L01016
JYOTHYLAB,JYOTHY LABS,3877377,INE668F01031
JYOTICNC,JYOTI CNC AUTOMATION,5461505,INE980O01024
JYOTISTRUC,JYOTI STRUCTURES,461313,INE197A01024
KABRAEXTRU,KABRA EXTRUSION TECHNIK L,462081,INE900B01029
KAJARIACER,KAJARIA CERAMICS,462849,INE217B01036
KALAMANDIR,SAI SILKS (KALAMANDIR) L,4801281,INE438K01021
KALPATARU,KALPATARU,194190849,INE227J01012
KALYANIFRG,KALYANI FORGE,3879937,INE314G01014
KALYANKJIL,KALYAN JEWELLERS IND,756481,INE303R01014
KAMAHOLD,KAMA HOLDINGS,195259393,INE411F01010
KAMATHOTEL,KAMAT HOTELS (I),467457,INE967C01018
KAMOPAINTS,KAMDHENU VENTURES,3536385,INE0BTI01037
KANANIIND,KANANI INDUSTRIES,6601217,INE879E01037
KANPRPLA,KANPUR PLASTIPACK,456193,INE694E01014
KANSAINER,KANSAI NEROLAC PAINTS,306177,INE531A01024
KAPSTON,KAPSTON SERVICES,4855553,INE542Z01028
KARMAENG,KARMA ENERGY,6242561,INE725L01011
KARURVYSYA,KARUR VYSYA BANK,470529,INE036D01028
KAUSHALYA,KAUSHALYA INFRA DEV,3874817,INE234I01028
KAVDEFENCE,KAVVERI DFS & WIR TEC,3902465,INE641C01019
KAYA,KAYA,2630657,INE587G01015
KAYNES,KAYNES TECHNOLOGY IND,3095553,INE918Z01012
KCP,KCP,471297,INE805C01028
KCPSUGIND,KCP SUGAR IND CORP,1231105,INE790B01024
KDDL,KDDL,3816449,INE291D01011
KEC,KEC INTL.,3394561,INE389H01022
KEEPLEARN,DSJ KEEP LEARNING,199169,INE055C01020
KEI,KEI INDUSTRIES,3407361,INE878B01027
KELLTONTEC,KELLTON TECH SOL,3438081,INE164B01030
KENNAMET,KENNAMETAL INDIA,3031297,INE717A01029
KERNEX,KERNEX MICROSYS(I),3358977,INE202H01019
KEYFINSERV,KEYNOTE FIN SERV,1064193,INE681C01015
KFINTECH,KFIN TECHNOLOGIES,3419905,INE138Y01010
KHANDSE,KHANDWALA SECURITIES,2468097,INE060B01014
KICL,KALYANI INVEST CO,5406465,INE029L01018
KILITCH,KILITCH DRUGS INDIA,5103873,INE729D01010
KIMS,KRISHNA INST OF MED SCI L,1240833,INE967H01025
KINGFA,KINGFA SCI & TEC IND,4849665,INE473D01015
KIOCL,KIOCL,4896257,INE880L01014
KIRANVYPAR,KIRAN VYAPAR,195261953,INE555P01013
KIRIINDUS,KIRI INDUSTRIES,4259585,INE415I01015
KIRLFER,KIRLOSKAR FERROUS IND,3703297,INE884B01025
KIRLOSBROS,KIRLOSKAR BROTHERS,4756737,INE732A01036
KIRLOSENG,KIRLOSKAR OIL ENG,5359617,INE146L01010
KIRLOSIND,KIRLOSKAR INDUSTRIES,4870401,INE250A01039
KIRLPNU,KIRLOSKAR PNEUMATIC COM L,3886081,INE811A01020
KISSHT,ONEMI TECHNOLOGY SOL,195403265,INE12F801023
KITEX,KITEX GARMENTS,7398145,INE602G01020
KKCL,KEWAL KIRAN CLOTHING,3425537,INE401H01017
KLBRENG-B,KILBURN ENGINEERING,195263233,INE338F01015
KMEW,KNOWLEDGE MARINE & EN W L,6933505,INE0CJD01029
KMSUGAR,K M SUGAR MILLS,3754753,INE157H01023
KNAGRI,KN AGRI RESOURCES,194796289,INE0KNW01016
KNRCON,KNR CONSTRU,3912449,INE634I01029
KOCONSINAV,KOTAKMAMC - KOCONSINAV,2693889,
KOHINOOR,KOHINOOR FOODS,770305,INE080B01012
KOKMNCINAV,KOTAKMAMC - KOTAKMNCINAV,2734081,
KOKUYOCMLN,KOKUYO CAMLIN,4307713,INE760A01029
KOLTEPATIL,KOLTE PATIL DEV.,3871745,INE094I01018
KOTAKAINAV,KOTAKALPHA INAV,2580481,
KOTAKBANK,KOTAK MAHINDRA BANK,492033,INE237A01036
KOTAKBINAV,KOTAKBKETF INAV,2579201,
KOTAKGINAV,KOTAKGOLD NAV,2112513,
KOTAKIINAV,KOTAKIT INAV,2579969,
KOTAKLINAV,KOTAKLOVOL INAV,2580993,
KOTAKMINAV,KOTAKMID50 INAV,2580225,
KOTAKNINAV,KOTAKNIFTY INAV,2580737,
KOTAKPINAV,KOTAKPSUBK INAV,2579713,
KOTAKSINAV,KOTAKMAMC - KOTAKSINAV,3350785,
KOTAKVINAV,KOTAKNV20 INAV,2579457,
KOTARISUG,KOTHARI SUG & CHEM,2981633,INE419A01022
KOTHARIPET,KOTHARI PETROCHEM,1176065,INE720A01015
KOTHARIPRO,KOTHARI PRODUCTS,1415169,INE823A01017
KOTIC,KOTHARI INDUSTRIAL CORP L,195264513,INE972A01020
KOTLIQINAV,KOTAKMAMC - KOTLIQINAV,3572737,
KOTYARK,KOTYARK INDUSTRIES,194901761,INE0J0B01017
KOVAI,KOVAI MEDICAL CENTER & HO,1329153,INE177F01017
KPEL,K.P. ENERGY,6932225,INE127T01021
KPIGREEN,KPI GREEN ENERGY,1307649,INE542W01025
KPIL,KALPATARU PROJECT INT,464385,INE220B01022
KPITTECH,KPIT TECHNOLOGIES,2478849,INE04I401011
KPL,KWALITY PHARMACEUTICALS L,195265793,INE552U01010
KPRMILL,KPR MILL,3817473,INE930H01031
KRBL,KRBL,2707713,INE001B01026
KREBSBIO,KREBS BIOCHEMICALS & IND,495873,INE268B01013
KRISHANA,KRISHANA PHOSCHEM,3288833,INE506W01012
KRISHIVAL,KRISHIVAL FOODS,193736193,INE0GGO01015
KRISHNADEF,KRISHNA DEF AND ALD IND L,194865153,INE0J5601015
KRITIKA,KRITIKA WIRES,2377729,INE00Z501029
KRONOX,KRONOX LAB SCIENCES,6150401,INE0ATZ01017
KROSS,KROSS,6464513,INE0O6601022
KRSNAA,KRSNAA DIAGNOSTICS,1371905,INE08LI01020
KRYSTAL,KRYSTAL INTEGRATED SER L,5932801,INE0QN801017
KSB,KSB,498945,INE999A01023
KSCL,KAVERI SEED CO.,3832833,INE455I01029
KSHINTL,KSH INTERNATIONAL,194670849,INE987S01020
KSL,KALYANI STEELS,4835585,INE907A01026
KSOLVES,KSOLVES INDIA,2831361,INE0D6I01023
KSR,KSR FOOTWEAR,194556673,INE1SPP01016
KTKBANK,KARNATAKA BANK,2061825,INE614B01018
KUANTUM,KUANTUM PAPERS,3550721,INE529I01021
KWIL,KWALITY WALL'S (INDIA) L,194802177,INE2KCE01013
LAGNAM,LAGNAM SPINTEX,1501441,INE548Z01017
LAHOTIOV,LAHOTI OVERSEAS,195267073,INE515C01023
LAL,LORENZINI APPARELS,3820545,INE740X01023
LALPATHLAB,DR. LAL PATH LABS,2983425,INE600L01024
LAMBODHARA,LAMBODHARA TEXTILES,1640193,INE112F01022
LANCORHOL,LANCOR HOLDINGS,5894913,INE572G01025
LANDMARK,LANDMARK CARS,3398657,INE559R01029
LANDSMILL,LANDSMILL GREEN,4448257,INE688J01023
LAOPALA,LA OPALA RG,3692289,INE059D01020
LASA,LASA SUPERGENERICS,5558529,INE670X01014
LATENTVIEW,LATENT VIEW ANALYTICS,1745409,INE0I7C01011
LAURUSLABS,LAURUS LABS,4923905,INE947Q01028
LAXMICOT,LAXMI COTSPIN,1681409,INE801V01019
LAXMIDENTL,LAXMI DENTAL,7467777,INE0WO601020
LCCINFOTEC,LCC INFOTECH,1927425,INE938A01021
LEMERITE,LE MERITE EXPORTS,194636801,INE0G1L01025
LEMONTREE,LEMON TREE HOTELS,667137,INE970X01018
LENSKART,LENSKART SOLUTIONS,194458881,INE956O01016
LEXUS,LEXUS GRANITO (INDIA),3701505,INE500X01013
LFIC,LAKSHMI FIN IND CORP,2022913,INE850E01012
LGBBROSLTD,LG BALAKRISHNAN & BROS,4690177,INE337A01034
LGEINDIA,LG ELECTRONICS INDIA,194614529,INE324D01010
LGHL,LAXMI GOLDORNA HOUSE,5088257,INE258Y01016
LIBAS,LIBAS CONSU PRODUCTS,2836993,INE908V01012
LIBERTSHOE,LIBERTY SHOES,510465,INE557B01019
LICHSGFIN,LIC HOUSING FINANCE,511233,INE115A01026
LICI,LIFE INSURA CORP OF INDIA,2426881,INE0J1Y01017
LICMFGOLD,LIC MF GOLD ETF,6563841,INF767K01SM1
LICN50INAV,LICNETFN50 INAV,2585089,
LICNETFGSC,LIC MF NIFTY 8-13 YR G-SEC ETF,1551873,INF767K01MV5
LICNETFN50,LIC MF NIFTY 50 ETF,2897665,INF767K01OS7
LICNETFSEN,LIC MF BSE SENSEX ETF,2928897,INF767K01OT5
LICNETINAV,LICNETFSEN INAV,2586625,
LICNFNHGP,LIC MF NIFTY 100 ETF,3898625,INF767K01PC8
LICNFNINAV,LICNFNHGP INAV,2581761,
LICNGSINAV,LICNETFGSC INAV,2585857,
LICNMDINAV,LICNAMC - LICNMDINAV,5818625,
LICNMID100,LIC MF NIFTY MIDCAP 100 ETF,5816833,INF767K01RN1
LINC,LINC,1779457,INE802B01027
LINCOLN,LINCOLN PHARMA,2968577,INE405C01035
LINDEINDIA,LINDE INDIA,416513,INE473A01011
LIQADDINAV,DSPAMC - LIQADDINAV,5994497,
LIQCASINAV,ZERODHAAMC - LIQCASINAV,5573633,
LIQETFINAV,BFAM - LIQETFINAV,6123009,
LIQGRBINAV,NIPPONAMC - LIQGRBINAV,7816193,
LIQGRWBEES,NIPPON INDIA NIFTY 1D RATE LIQUID ETF - GROWTH,193977601,INF204KC1FU1
LIQIDINAV,MIRAEAMC - LIQIDINAV,4499201,
LIQPLSINAV,MIRAEAMC - LIQPLSINAV,6931969,
LIQSBIINAV,SBIAMC - LIQSBIINAV,5047041,
LIQSHRINAV,SHRIRAM - LIQSHRINAV,6240513,
LIQUID,MIRAE ASSET NIFTY 1D RATE LIQUID ETF-IDCW,4498433,INF769K01KS1
LIQUID1,KOTAK NIFTY 1D RATE LIQUID ETF,3571201,INF174KA1LV5
LIQUIDADD,DSP BSE LIQUID RATE ETF,5992193,INF740KA1UM0
LIQUIDBEES,NIPPON INDIA ETF NIFTY 1D RATE LIQUID BEES,2817537,INF732E01037
LIQUIDBETF,BAJAJ FINSERV NIFTY 1D RATE LIQUID ETF - GROWTH,6122241,INF0QA701854
LIQUIDCASE,ZERODHA NIFTY 1D RATE LIQUID ETF,5568001,INF0R8F01034
LIQUIDETF,DSP NIFTY 1D RATE LIQUID ETF,493313,INF740KA1EU7
LIQUIDIETF,ICICI PRUDENTIAL BSE LIQUID RATE ETF - IDCW,1238529,INF109KC1KT9
LIQUIDINAV,LIQUIDBEES INAV,2593793,
LIQUIDPLUS,MIRAE ASSET NIFTY 1D RATE LIQUID ETF - GROWTH,6931201,INF769K01MY5
LIQUIDSBI,SBI NIFTY 1D RATE LIQUID ETF - IDCW,5044481,INF200KA13Z8
LIQUIDSHRI,SHRIRAM NIFTY 1D RATE LIQUID ETF,6239745,INF680P01422
LIQUIEINAV,LIQUIDETF INAV,2561793,
LLOYDSENGG,LLOYDS ENGG WORK,4557057,INE093R01011
LLOYDSENT,LLOYDS ENTERPRISES,6606593,INE080I01025
LLOYDSME,LLOYDS METALS N ENERGY L,4432129,INE281B01032
LMW,LMW,506625,INE269B01029
LODHA,LODHA DEVELOPERS,824321,INE670K01029
LORDSCHLO,LORDS CHLORO ALKALI,4667393,INE846D01012
LOTUSDEV,SRI LOTUS DEVLPRS N RTY L,194085121,INE0V9Q01010
LOTUSEYE,LOTUS EYE HOSP & INST L,4302593,INE947I01017
LOVABLE,LOVABLE LINGERIE,5738241,INE597L01014
LOWVOL,MIRAE ASSET NIFTY 100 LOW VOLATILITY 30 ETF,3785217,INF769K01JU9
LOWVOL1,KOTAK NIFTY 100 LOW VOLATILITY 30 ETF,2209793,INF174KA1IY5
LOWVOLIETF,ICICI PRUDENTIAL NIFTY 100 LOW VOLATILITY 30 ETF,5441025,INF109KC19U5
LPDC,LANDMARK PR.DEV.CO.LTD,4316929,INE197J01017
LT,LARSEN & TOUBRO,2939649,INE018A01030
LTCASEINAV,ZERODHAAMC - LTCASEINAV,7817985,
LTF,L&T FINANCE,6386689,INE498L01015
LTFOODS,LT FOODS,3536897,INE818H01020
LTGILTBEES,NIPPON INDIA ETF LONG TERM GILT,4531201,INF204KB1882
LTGILTCASE,ZERODHA NIFTY 8-13 YR G-SEC ETF,194228481,INF0R8F01133
LTGILTINAV,LTGILTBEES INAV,2594049,
LTM,LTM,4561409,INE214T01019
LTTS,L&T TECHNOLOGY SER.,4752385,INE010V01017
LUMAXIND,LUMAX INDUSTRIES,516609,INE162B01018
LUMAXTECH,LUMAX AUTO TECH,3587585,INE872H01027
LUPIN,LUPIN,2672641,INE326A01037
LUXIND,LUX INDUSTRIES,2893057,INE150G01020
LXCHEM,LAXMI ORGANIC INDUS,727297,INE576O01020
LYKALABS,LYKA LABS,519169,INE933A01014
LYPSAGEMS,LYPSA GEMS & JEWEL,8055809,INE142K01011
M&M,MAHINDRA & MAHINDRA,519937,INE101A01026
M&MFIN,M&M FIN. SERVICES,3400961,INE774D01024
MAANALU,MAAN ALUMINIUM,3844353,INE215I01027
MACPOWER,MACPOWER CNC MACHINES,5720833,INE155Z01011
MADHAV,MADHAV MARBLE & GRANITE,3878657,INE925C01016
MADHAVIPL,MADHAV INFRA PROJECTS L,195268353,INE631R01026
MADRASFERT,MADRAS FERTILISERS,1257217,INE414A01015
MAESGEINAV,MAESGETF INAV,2590721,
MAFANG,MIRAE ASSET NYSE FANG+ ETF,897793,INF769K01HF4
MAFANGINAV,MAFANG INAV,2590209,
MAFATIND,MAFATLAL INDUSTRIES,195269633,INE270B01035
MAFSETINAV,MAFSETF INAV,2587649,
MAG813INAV,MIRAEAMC - MAG813INAV,3827969,
MAGADSUGAR,MAGADH SUGAR & ENERGY,5476353,INE347W01011
MAGNUM,MAGNUM VENTURES,3828993,INE387I01016
MAGOLDINAV,MIRAEAMC - MAGOLDINAV,3657985,
MAHABANK,BANK OF MAHARASHTRA,2912513,INE457A01014
MAHAPEXLTD,MAHA RASHTRA APEX COPR. L,1341185,INE843B01013
MAHASTEEL,MAHAMAYA STEEL INDS,4486913,INE451L01014
MAHEPC,MAHINDRA EPC IRRIG,4506369,INE215D01010
MAHKTECH,MIRAE ASSET HANG SENG TECH ETF,1810945,INF769K01HS7
MAHKTEINAV,MAHKTECH INAV,2586881,
MAHLIFE,MAHINDRA LIFESPACE DEVLTD,2060801,INE813A01018
MAHLOG,MAHINDRA LOGISTIC,98561,INE766P01016
MAHSCOOTER,MAHARASHTRA SCOOTERS,533761,INE288A01013
MAHSEAMLES,MAHARASHTRA SEAMLESS,534529,INE271B01025
MAITHANALL,MAITHAN ALLOYS,6281729,INE683C01011
MAJESAUT,MAJESTIC AUTO,195270913,INE201B01022
MAKEINDIA,MIRAE ASSET NIFTY INDIA MANUFACTURING ETF,2042625,INF769K01IB1
MALLCOM,MALLCOM (INDIA),2039041,INE389C01015
MALUPAPER,MALU PAPER MILLS,3418113,INE383H01017
MAM150INAV,MAM150ETF INAV,2588161,
MAMATA,MAMATA MACHINERY,7343873,INE0TO701015
MAMFGEINAV,MAMFGETF INAV,2587905,
MAN50EINAV,MAN50ETF INAV,2587137,
MANAKALUCO,MANAK ALUMINIUM CO.,1899521,INE859Q01017
MANAKCOAT,MAN COAT METAL & IND,1897729,INE830Q01018
MANAKSIA,MANAKSIA,3890945,INE015D01022
MANALIPETC,MANALI PETROCHEMICALS LT,3531777,INE201A01024
MANAPPURAM,MANAPPURAM FINANCE,4879617,INE522D01027
MANBA,MANBA FINANCE,6552833,INE939X01013
MANCREDIT,MANGAL CREDIT N FINCORP L,6354689,INE545L01039
MANGALAM,MANGALAM DRUG & CHEM,3025153,INE584F01014
MANGLMCEM,MANGALAM CEMENT,539137,INE347A01017
MANINDS,MAN INDUSTRIES (I),3042305,INE993A01026
MANINFRA,MAN INFRA,4665857,INE949H01023
MANKIND,MANKIND PHARMA,3937281,INE634S01028
MANOMAY,MANOMAY TEX INDIA,3520769,INE784W01015
MANORAMA,MANORAMA INDUSTRIES,2618113,INE00VM01036
MANUFGBEES,NIPPON INDIA NIFTY INDIA MANUFACTURING ETF,194218753,INF204KC1GH6
MANXT5INAV,MANXT50 INAV,2589953,
MANYAVAR,VEDANT FASHIONS,2090753,INE825V01034
MAPMYINDIA,C.E. INFO SYSTEMS,1850113,INE0BV301023
MARATHON,MARATHON NXTGEN REALT,4776705,INE182D01020
MARICO,MARICO,1041153,INE196A01026
MARINE,MARINE ELECTRICAL (I),339969,INE01JE01028
MARKOLINES,MARKOLINES PAVEMENT TEC L,194612225,INE0FW001016
MARKSANS,MARKSANS PHARMA,2708225,INE750C01026
MARSONS,MARSONS,194914817,INE415B01044
MARUTI,MARUTI SUZUKI INDIA,2815745,INE585B01010
MASFIN,MAS FINANCIAL SERV,50945,INE348L01012
MASILINAV,MIRAEAMC - MASILINAV,4295681,
MASPTOINAV,MASPTOP50 INAV,2590465,
MASPTOP50,MIRAE ASSET S&P 500 TOP 50 ETF,1480193,INF769K01HP3
MASTEK,MASTEK,543745,INE759A01021
MASTERTR,MASTER TRUST,6924033,INE677D01037
MATRIMONY,MATRIMONY.COM,5561857,INE866R01028
MAXESTATES,MAX ESTATES,5029377,INE03EI01018
MAXHEALTH,MAX HEALTHCARE INS,5728513,INE027H01010
MAXIND,MAX INDIA,5741569,INE0CG601016
MAYURUNIQ,MAYUR UNIQUOTERS,7399937,INE040D01038
MAZDA,MAZDA,4829697,INE885E01042
MAZDOCK,MAZAGON DOCK SHIPBUIL,130305,INE249Z01020
MBAPL,MADHYA BHARAT AGRO P.,3247617,INE900L01010
MBEL,M AND B ENGINEERING,194086401,INE08N601015
MCCHRLS-B,MAC CHARLES (INDIA),195272193,INE435D01014
MCL,M TEK COPPER,5724161,INE813V01022
MCLOUD,MAGELLANIC CLOUD,7547393,INE613C01026
MCX,MULTI COMMODITY EXCHANGE,7982337,INE745G01043
MD150CINAV,ZERODHAAMC - MD150CINAV,6166273,
MEDANTA,GLOBAL HEALTH,3060737,INE474Q01031
MEDIASSIST,MEDI ASSIST HEALTH SER L,5556481,INE456Z01021
MEDICAMEQ,MEDICAMEN BIOTECH,1607169,INE646B01010
MEDICO,MEDICO REMEDIES,2474753,INE630Y01024
MEDPLUS,MEDPLUS HEALTH SERV,1857025,INE804L01022
MEESHO,MEESHO,194618625,INE0VDM01015
MEGASTAR,MEGASTAR FOODS,2087169,INE00EM01016
MENNPIS,MENON PISTONS,195273473,INE650G01029
MENONBE,MENON BEARINGS,1782017,INE071D01033
MERCANTILE,MERCANTILE VENTURES,195274753,INE689O01013
METAL,MIRAE ASSET NIFTY METAL ETF,6590465,INF769K01LY7
METALIETF,ICICI PRUDENTIAL NIFTY METAL ETF,6364417,INF109KC19W1
METALIINAV,ICICIPRAMC - METALIINAV,6368257,
METALINAV,MIRAEAMC - METALINAV,6591233,
METROBRAND,METRO BRANDS,1853953,INE317I01021
METROGLOBL,METROGLOBAL,195276033,INE085D01033
METROPOLIS,METROPOLIS HEALTHCARE,2452737,INE112L01020
MFML,MAHALAXMI FABRIC MILLS LT,6383873,INE0US801024
MFSL,MAX FINANCIAL SERV,548353,INE180A01020
MGBEESINAV,NIPPONAMC - MGBEESINAV,7818497,
MGL,MAHANAGAR GAS,4488705,INE002S01010
MHLXMIRU,MAHALAXMI RUBTECH,2018817,INE112D01035
MHRIL,MAHINDRA HOLIDAYS,4437249,INE998I01010
MICEL,MIC ELECTRONICS,1835265,INE287C01037
MID150,KOTAK NIFTY MIDCAP 150 ETF,7800065,INF174KA1VW2
MID150BEES,NIPPON INDIA ETF NIFTY MIDCAP 150,2177537,INF204KB1V68
MID150CASE,ZERODHA NIFTY MIDCAP 150 ETF,6163713,INF0R8F01059
MID150INAV,MID150BEES INAV,2594305,
MID15INAV,KOTAKMAMC - MID15INAV,7801601,
MIDADDINAV,DSPAMC - MIDADDINAV,7830273,
MIDCAP,KOTAK NIFTY MIDCAP 50 ETF,2067713,INF174KA1ZC5
MIDCAPADD,DSP NIFTY MIDCAP 150 ETF,194651137,INF740KA1WW5
MIDCAPBETA,UTI NIFTY MIDCAP 150 ETF,4696833,INF789F1AYX9
MIDCAPETF,MIRAE ASSET NIFTY MIDCAP 150 ETF,2153729,INF769K01IC9
MIDCAPIETF,ICICI PRUDENTIAL NIFTY MIDCAP 150 ETF,4390913,INF109KC11W8
MIDHANI,MISHRA DHATU NIGAM,630529,INE099Z01011
MIDQ50ADD,DSP NIFTY MIDCAP 150 QUALITY 50 ETF,1908737,INF740KA1QL0
MIDSELIETF,ICICI PRUDENTIAL BSE MIDCAP SELECT ETF,4531713,INF109KC10W0
MIDSMAINAV,MIRAEAMC - MIDSMAINAV,6107649,
MIDSMALL,MIRAE ASSET NIFTY MIDSMALLCAP400 MOMENTUM QUALITY 100 ETF,6106881,INF769K01LJ8
MIDWESTLTD,MIDWEST,194436353,INE0XAD01024
MINDACORP,MINDA CORPORATION,6629633,INE842C01021
MINDTECK,MINDTECK (INDIA),4620545,INE110B01017
MINFRAINAV,MOTILALAMC - MINFRAINAV,7809025,
MIRZAINT,MIRZA INTERNATIONAL LIMIT,1124865,INE771A01026
MITTAL,MITTAL LIFE STYLE,4751873,INE997Y01027
MKPL,M K PROTEINS,4284417,INE964W01021
MMFL,MM FORGINGS,3544065,INE227C01017
MMP,MMP INDUSTRIES,4197121,INE511Y01018
MMTC,MMTC,4596993,INE123F01029
MNC,KOTAK NIFTY MNC ETF,2733057,INF174KA1JF2
MNV30FINAV,MIRAEAMC - MNV30FINAV,3791617,
MOALPHA50,MOTILAL OSWAL NIFTY ALPHA 50 ETF,193963265,INF247L01FR8
MOALPHINAV,MOTILALAMC - MOALPHINAV,7815425,
MOBANK10,MOTILALAMC - MOBANK10,194993409,INF247L01GV8
MOBIKWIK,ONE MOBIKWIK SYSTEMS,7179777,INE0HLU01028
MOBK10INAV,MOTILALAMC - MOBK10INAV,7838721,
MOCAPIINAV,MOTILALAMC - MOCAPIINAV,7697409,
MOCAPITAL,MOTILAL OSWAL NIFTY CAPITAL MARKET ETF,7696641,INF247L01EV3
MODEFENCE,MOTILAL OSWAL NIFTY INDIA DEFENCE ETF,6385665,INF247L01DJ0
MODEFINAV,MOTILALAMC - MODEFINAV,6386433,
MODIRUBBER,MODI RUBBER,570625,INE832A01018
MODIS,MODIS NAVNIRMAN,194496513,INE0L0L01012
MODTHREAD,MODERN THREADS INDIA,573697,INE794W01014
MOENERGY,MOTILAL OSWAL NIFTY ENERGY ETF,194399745,INF247L01GH7
MOENERINAV,MOTILALAMC - MOENERINAV,7821057,
MOGOLD,MOTILAL OSWAL GOLD ETF,193994497,INF247L01FY4
MOGOLDINAV,MOTILALAMC - MOGOLDINAV,7816449,
MOGSEC,MOTILAL OSWAL NIFTY 5 YEAR BENCHMARK G-SEC ETF,385793,INF247L01AK4
MOGSECINAV,MOGSEC INAV,2590977,
MOHEALTH,MOTILAL OSWAL BSE HEALTHCARE ETF,2690049,INF247L01BB1
MOHITIND,MOHIT INDUSTRIES,7532289,INE954E01012
MOHLTHINAV,MOTILALAMC - MOHLTHINAV,2708993,
MOIL,MOIL,5332481,INE490G01020
MOINFRA,MOTILAL OSWAL BSE INDIA INFRASTRUCTURE ETF,193799937,INF247L01FL1
MOIPO,MOTILAL OSWAL BSE SELECT IPO ETF,194532097,INF247L01GI5
MOIPOINAV,MOTILALAMC - MOIPOINAV,7827457,
MOKSH,MOKSH ORNAMENTS,918017,INE514Y01020
MOL,MEGHMANI ORGANICS,1380865,INE0CT101020
MOLDTECH,MOLD-TEK TECHNOLOGIES,4512001,INE835B01035
MOLDTKPAC,MOLD-TEK PACKAGING,1718529,INE893J01029
MOLOWVINAV,MOLOWVOL INAV,2593537,
MOLOWVOL,MOTILAL OSWAL BSE LOW VOLATILITY ETF,2215425,INF247L01BL0
MOM100,MOTILAL OSWAL NIFTY MIDCAP 100 ETF,5484289,INF247L01023
MOM100INAV,MOM100 INAV,2591233,
MOM30IETF,ICICI PRUDENTIAL NIFTY 200 MOMENTUM 30 ETF,2709761,INF109KC17C7
MOM50,MOTILAL OSWAL NIFTY 50 ETF,4937985,INF247L01536
MOM50INAV,MOM50 INAV,2592513,
MOME30INAV,KOTAKMAMC - MOME30INAV,7821313,
MOME50INAV,MOTILALAMC - MOME50INAV,6558977,
MOMENTUM,ADITYA BIRLA SUN LIFE NIFTY 200 MOMENTUM 30 ETF,2737409,INF209KB14K7
MOMENTUM30,KOTAK NIFTY 200 MOMENTUM 30 ETF,194428929,INF174KA1XS6
MOMENTUM50,MOTILAL OSWAL NIFTY 500 MOMENTUM 50 ETF,6555137,INF247L01DK8
MOMGF,MOTILAL OSWAL NIFTY INDIA MANUFACTURING ETF,193817345,INF247L01FK3
MOMGFINAV,MOTILALAMC - MOMGFINAV,7809793,
MOMIDMINAV,MOTILALAMC - MOMIDMINAV,7814657,
MOMIDMTM,MOTILAL OSWAL NIFTY MIDCAP150 MOMENTUM 50 ETF,194001153,INF247L01FQ0
MOMNC,MOTILAL OSWAL NIFTY MNC ETF,194573825,INF247L01GK1
MOMNCINAV,MOTILALAMC - MOMNCINAV,7828993,
MOMNTMINAV,BIRLASLAMC - MOMNTMINAV,2743041,
MOMOMEINAV,MOMOMENTUM INAV,2593025,
MOMOMENTUM,MOTILAL OSWAL NIFTY 200 MOMENTUM 30 ETF,2094593,INF247L01BK2
MON100,MOTILAL OSWAL NASDAQ 100 ETF,5821185,INF247L01AP3
MON100INAV,MON100 INAV,2593281,
MON500INAV,MOTILALAMC - MON500INAV,4927489,
MON50EINAV,MOTILALAMC - MON50EINAV,7808257,
MON50EQUAL,MOTILAL OSWAL NIFTY 50 EQUAL WEIGHT ETF,193766401,INF247L01FC0
MONARCH,MONARCH NETWORTH CAP,1965825,INE903D01011
MONEXT50,MOTILAL OSWAL NIFTY NEXT 50 ETF,193834753,INF247L01FD8
MONEYBOXX,MONEYBOXX FINANCE,194401537,INE296Q01012
MONIFTY100,MOTILAL OSWAL NIFTY 100 ETF,194398977,INF247L01GG9
MONIFTY500,MOTILAL OSWAL NIFTY 500 ETF,4924673,INF247L01BU1
MONQ50,MOTILAL OSWAL NASDAQ Q 50 ETF,1900033,INF247L01AU3
MONQ50INAV,MONQ50 INAV,2592769,
MONT50INAV,MOTILALAMC - MONT50INAV,7808513,
MONTECARLO,MONTE CARLO FASHIONS,1520129,INE950M01013
MOPSE,MOTILAL OSWAL NIFTY PSE ETF,193902337,INF247L01FO5
MOPSEINAV,MOTILALAMC - MOPSE,7812353,
MOQLTYINAV,MOTILALAMC - MOQLTYINAV,2772481,
MOQUALITY,MOTILAL OSWAL BSE QUALITY ETF,2770433,INF247L01BH8
MOREALINAV,MOTILALAMC - MOREALINAV,5935873,
MOREALTY,MOTILAL OSWAL NIFTY REALTY ETF,5935105,INF247L01CI4
MOREPENLAB,MOREPEN LAB.,578305,INE083A01026
MOS250INAV,MOTILALAMC - MOS250INAV,5936129,
MOSCHIP,MOSCHIP TECHNOLOGIES,7541505,INE935B01025
MOSERVICE,MOTILAL OSWAL NIFTY SERVICES SECTOR ETF,194560257,INF247L01GJ3
MOSERVINAV,MOTILALAMC - MOSERVINAV,7828481,
MOSILVER,MOTILAL OSWAL SILVER ETF,194164993,INF247L01FZ1
MOSILVINAV,MOTILALAMC - MOSILVINAV,7817729,
MOSMALL250,MOTILAL OSWAL NIFTY SMALLCAP 250 ETF,5934337,INF247L01CH6
MOTHERSON,SAMVRDHNA MTHRSN INTL,1076225,INE775A01035
MOTILALOFS,MOTILAL OSWAL FIN,3826433,INE338I01027
MOTISONS,MOTISONS JEWELLERS,5321729,INE0FRK01020
MOTOUR,MOTILAL OSWAL NIFTY INDIA TOURISM ETF,193905409,INF247L01FP2
MOTOURINAV,MOTILALAMC - MOTOURINAV,7812609,
MOVALUE,MOTILAL OSWAL BSE ENHANCED VALUE ETF,2771201,INF247L01BE5
MOVALUINAV,MOTILALAMC - MOVALUINAV,2772737,
MOY100INAV,MOTILALAMC - MOY100INAV,7820545,
MPHASIS,MPHASIS,1152769,INE356A01018
MPSLTD,MPS,2707969,INE943D01017
MRF,MRF,582913,INE883A01011
MRPL,MRPL,584449,INE103A01014
MSC360INAV,360ONEAMC - MSC360INAV,195482881,
MSCI360,360ONEAMC - MSCI360,195482113,INF579M01BP5
MSCIADD,DSP MSCI INDIA ETF,194554369,INF740KA1WV7
MSCIADINAV,DSPAMC - MSCIADINAV,7828737,
MSCIINDIA,KOTAK MSCI INDIA ETF,7618049,INF174KA1VD2
MSCIININAV,MSCIINDIA - MSCIININAV,7618817,
MSPL,MSP STEEL & POWER,3051265,INE752G01015
MSTCLTD,MSTC,2395137,INE255X01014
MSUMI,MOTHERSON SUMI WRNG IND L,2200577,INE0FS801015
MTARTECH,MTAR TECHNOLOGIES,693505,INE864I01014
MTNL,MAHANAGAR TELEPHONE NIGAM,587265,INE153A01019
MUFIN,MUFIN GREEN FINANCE,5064449,INE08KJ01020
MUFTI,CREDO BRANDS MARKETING L,5344769,INE220Q01020
MUKANDLTD,MUKAND,2899201,INE304A01026
MUKKA,MUKKA PROTEINS,5882881,INE0CG401037
MUKTAARTS,MUKTA ARTS,2223873,INE374B01019
MULCAPINAV,MIRAEAMC - MULCAPINAV,6421505,
MULTICAP,MIRAE ASSET NIFTY500 MULTICAP 50:25:25 ETF,6420481,INF769K01LX9
MUNJALAU,MUNJAL AUTO IND.,3458817,INE672B01032
MUNJALSHOW,MUNJAL SHOWA,590593,INE577A01027
MURUDCERA,MURUDESHWAR CERAMICS,592129,INE692B01014
MUTHOOTCAP,MUTHOOT CAP SERV,2666241,INE296G01013
MUTHOOTFIN,MUTHOOT FINANCE,6054401,INE414G01012
MUTHOOTMF,MUTHOOT MICROFIN,5332737,INE046W01019
MVGJL,MANOJ VAIBHAV GEM N JEW L,4867841,INE0KNT01012
MWL,MANGALAM WORLDWIDE,194347265,INE0JYY01011
NACLIND,NACL INDUSTRIES,5228801,INE295D01020
NAGREEKEXP,NAGREEKA EXPORTS,3763713,INE123B01028
NAHARCAP,NAHAR CAP & FIN.,3932161,INE049I01012
NAHARINDUS,NAHAR INDS ENT,3355137,INE289A01011
NAHARPOLY,NAHAR POLY FILMS,3697921,INE308A01027
NAM-INDIA,NIPPON L I A M,91393,INE298J01013
NARMADA,NARMADA AGROBASE,2976513,INE117Z01011
NATCAPSUQ,NATURAL CAPSULES,7573249,INE936B01015
NATCOPHARM,NATCO PHARMA,1003009,INE987B01026
NATHBIOGEN,NATH BIO-GENES (I),2832641,INE448G01010
NATIONALUM,NATIONAL ALUMINIUM CO - NALCO,1629185,INE139A01034
NATIONSTD,NATIONAL STAND (INDIA) L,195278593,INE166R01015
NAUKRI,INFO EDGE (I),3520257,INE663F01032
NAVA,NAVA,1027585,INE725A01030
NAVINFLUOR,NAVIN FLUORINE INT.,3756033,INE048G01026
NAVKARCORP,NAVKAR CORPORATION,2702593,INE278M01019
NAVNETEDUL,NAVNEET EDUCATION,610561,INE060A01024
NAVNIFINAV,NAVIAMC - NAVNIFINAV,4779777,
NAZARA,NAZARA TECHNOLOGIES,764673,INE418L01047
NBCC,NBCC (INDIA),8042241,INE095N01031
NBIFIN,N.B.I. IND. FIN. CO.,4892417,INE365I01020
NCC,NCC,593665,INE868B01028
NCLIND,NCL INDUSTRIES,3709441,INE732C01016
NDGL,NAGA DHUNSERI GROUP,4702977,INE756C01015
NDL,NANDAN DENIM,8002049,INE875G01048
NDLVENTURE,NDL VENTURES,3724033,INE353A01023
NDRAUTO,NDR AUTO COMPONENTS,5697281,INE07OG01012
NDTV,NDTV,2925313,INE155G01029
NEAGI,NEELAMALAI AGRO INDS. L,195279873,INE605D01012
NECCLTD,NORTH EAST CARRY CORP,3461633,INE553C01016
NELCAST,NELCAST,3778817,INE189I01024
NELCO,NELCO,611329,INE045B01015
NEOGEN,NEOGEN CHEMICALS,2538753,INE136S01016
NEPHROPLUS,NEPHROCARE HEALTH SERV L,194648577,INE428V01029
NESCO,NESCO,3944705,INE317F01035
NESTLEIND,NESTLE INDIA,4598529,INE239A01024
NETF,TATA NIFTY 50 ETF,2006529,INF277K015R5
NETFINAV,NETF INAV,2603009,
NETFSIINAV,NETFSILVER NAV,2108673,
NETWEB,NETWEB TECH INDIA,4462849,INE0NT901020
NETWORK18,NETWORK18 MEDIA & INV,3612417,INE870H01013
NEULANDLAB,NEULAND LAB,615937,INE794A01010
NEWGEN,NEWGEN SOFTWARE TECH,297985,INE619B01017
NEXT30ADD,DSP BSE SENSEX NEXT 30 ETF,7542785,INF740KA1VE5
NEXT50,MIRAE ASSET NIFTY NEXT 50 ETF,4398337,INF769K01FN2
NEXT50ADD,DSP NIFTY NEXT 50 ETF,194713345,INF740KA1XU7
NEXT50BETA,UTI NIFTY NEXT 50 ETF,5498369,INF789F1AUW9
NEXT50ETF,KOTAK NIFTY NEXT 50 ETF,194741505,INF174KA1YO3
NEXT50IETF,ICICI PRUDENTIAL NIFTY NEXT 50 ETF,1159425,INF109KC1NS5
NEXT50INAV,DSPAMC - NEXT50INAV,7832833,
NEXT5EINAV,KOTAKMAMC - NEXT5EINAV,7833089,
NEXTMEDIA,NEXT MEDIAWORKS,2525953,INE747B01016
NFL,NATIONAL FERT.,3564801,INE870D01012
NFQLTYINAV,BIRLASLAMC - NFQLTYINAV,2742785,
NGLFINE,NGL FINE CHEM,2630913,INE887E01022
NH,NARAYANA HRUDAYALAYA,3031041,INE410P01011
NHPC,NHPC,4454401,INE848E01016
NIACL,THE NEW INDIA ASSU CO,102145,INE470Y01017
NIBE,NIBE,7548673,INE149O01018
NIBL,NRB INDUS. BEARINGS,7611649,INE047O01014
NIF100BEES,NIPPON INDIA ETF NIFTY 100,7571713,INF204K014N5
NIF100IETF,ICICI PRUDENTIAL NIFTY 100 ETF,7780353,INF109KC16V9
NIF100INAV,KOTAKMAMC - NIF100INAV,7668737,
NIF10GINAV,UTIAMC - NIF10GINAV,5770241,
NIF5GINAV,UTIAMC - NIF5GINAV,5769985,
NIFITEINAV,UTIAMC - NIFITEINAV,5757697,
NIFTY1,KOTAK NIFTY 50 ETF,4634113,INF174K014P6
NIFTY100EW,KOTAK NIFTY 100 EQUAL WEIGHT ETF,7665665,INF174KA1UW4
NIFTYADD,DSP NIFTY 50 ETF,1907457,INF740KA1CL0
NIFTYBEES,NIPPON INDIA ETF NIFTY 50 BEES,2707457,INF204KB14I2
NIFTYBETA,UTI NIFTY 50 ETF,2690817,INF789F1AZC0
NIFTYBETF,BAJAJ FINSERV NIFTY 50 ETF,5621505,INF0QA701722
NIFTYBINAV,BFAM - NIFTYBETF,5641473,
NIFTYCASE,ZERODHA NIFTY 50 ETF,194381313,INF0R8F01166
NIFTYCINAV,ZERODHAAMC - NIFTYCINAV,7822593,
NIFTYETF,MIRAE ASSET NIFTY 50 ETF,1626369,INF769K01EG9
NIFTYIETF,ICICI PRUDENTIAL NIFTY 50 ETF,7565569,INF109K012R6
NIFTYQLITY,ADITYA BIRLA SUN LIFE NIFTY 200 QUALITY 30 ETF,2736641,INF209KB15K4
NIITLTD,NIIT,2949633,INE161A01038
NIITMTS,NIIT LEARNING SYSTEMS,4543233,INE342G01023
NILAINFRA,NILA INFRASTRUCTURES,2368769,INE937C01029
NILASPACES,NILA SPACES,1897217,INE00S901012
NILE,NILE,195281153,INE445D01013
NILKAMAL,NILKAMAL,619777,INE310A01015
NIM150INAV,UTIAMC - NIM150INAV,4698369,
NIPPOBATRY,INDO-NATIONAL,1736193,INE567A01028
NIRAJISPAT,NIRAJ ISPAT IND,4823041,INE326T01011
NIRLON,NIRLON,622849,INE910A01012
NITCO,NITCO,3404801,INE858F01012
NITINSPIN,NITIN SPINNERS,3372801,INE229H01012
NITIRAJ,NITIRAJ ENGINEERS,831233,INE439T01012
NITTAGELA,NITTA GELATIN INDIA,195282945,INE265B01019
NIVABUPA,NIVA BUPA HEALTH INS CO L,6936833,INE995S01015
NKIND,NK INDUSTRIES,624385,INE542C01019
NLCINDIA,NLC INDIA,2197761,INE589A01014
NMDC,NMDC,3924993,INE584A01023
NOCIL,NOCIL,625153,INE163A01018
NORBTEAEXP,NORBEN TEA & EXPORTS,1064961,INE369C01017
NORTHARC,NORTHERN ARC CAPITAL,6509057,INE850M01015
NOVARTIND,NOVARTIS INDIA,2305793,INE234A01025
NPBET,TATA NIFTY PRIVATE BANK ETF,3322369,INF277K010X4
NPBETINAV,NPBET INAV,2603521,
NPST,NETWORK PEOPLE SRV TECH L,193618945,INE0FFK01017
NRAIL,N R AGARWAL INDS,5200385,INE740D01017
NRBBEARING,NRB BEARING,1933569,INE349A01021
NSIL,NALWA SONS INVESTMENT,2877185,INE023A01030
NSLNISP,NMDC STEEL,3630081,INE0NNS01018
NTPC,NTPC,2977281,INE733E01010
NTPCGREEN,NTPC GREEN ENERGY,6957057,INE0ONG01011
NUCLEUS,NUCLEUS SOFTWARE EXPORTS,2762497,INE096B01018
NURECA,NURECA,601601,INE0DSF01015
NUVAMA,NUVAMA WEALTH MANAGE,4792577,INE531F01023
NUVOCO,NUVOCO VISTAS CORP,1389057,INE118D01016
NV20,KOTAK NIFTY 50 VALUE 20 ETF,2932993,INF174KA1ZE1
NV20BEES,NIPPON INDIA ETF NV20,2520833,INF204KB18I3
NV20IETF,ICICI PRUDENTIAL NIFTY50 VALUE 20 ETF,4473601,INF109KC11V0
NX30ADINAV,DSPAMC - NX30ADINAV,7544577,
NYKAA,FSN E COMMERCE VENTURES,1675521,INE388Y01029
OAL,ORIENTAL AROMATICS,2756609,INE959C01023
OBCL,ORISSA BENGAL CARRIER,2252033,INE426Z01016
OBEROIRLTY,OBEROI REALTY,5181953,INE093I01010
ODIGMA,ODIGMA CONSULTANCY SOL L,7058177,INE054301028
OFSS,ORACLE FIN SERV SOFT,2748929,INE881D01027
OIL,OIL INDIA,4464129,INE274J01014
OILETFINAV,ICICIPRAMC - OILETFINAV,6285057,
OILIETF,ICICI PRUDENTIAL NIFTY OIL & GAS ETF,6280449,INF109KC18W3
OLAELEC,OLA ELECTRIC MOBILITY,6342913,INE0LXG01040
OLECTRA,OLECTRA GREENTECH,2723073,INE260D01016
OMAXE,OMAXE,3802369,INE800H01010
OMFREIGHT,OM FREIGHT FORWARDERS,194409217,INE1BZC01019
OMINFRAL,OM INFRA,6203137,INE239D01028
OMNI,OMNITECH ENGINEERING,194781441,INE0UH301010
OMPOWER,OM POWER TRANSMISSION,195182593,INE25E901019
ONEPOINT,ONE POINT ONE SOL,2544385,INE840Y01029
ONESOURCE,ONESOURCE SPECL PHARMA L,7481345,INE013P01021
ONGC,OIL AND NATURAL GAS CORP.,633601,INE213A01029
ONMOBILE,ONMOBILE GLOBAL,3911169,INE809I01019
ONWARDTEC,ONWARD TECHNOLOGIES,635137,INE229A01017
OPTIEMUS,OPTIEMUS INFRACOM,5496065,INE350C01017
ORBTEXP,ORBIT EXPORTS,8057601,INE231G01010
ORCHASP,ORCHASP,7549953,INE215B01022
ORCHPHARMA,ORCHID PHARMA,237057,INE191A01027
ORICONENT,ORICON ENTERPRISES,2600705,INE730A01022
ORIENTALTL,ORIENTAL TRIMEX,3672577,INE998H01012
ORIENTBELL,ORIENT BELL,3655169,INE607D01018
ORIENTCEM,ORIENT CEMENT,7702785,INE876N01018
ORIENTCER,ORIENT CERATECH,3356417,INE569C01020
ORIENTELEC,ORIENT ELECTRIC,760833,INE142Z01019
ORIENTHOT,ORIENT HOTELS,638209,INE750A01020
ORIENTLTD,ORIENT PRESS,4661249,INE609C01024
ORIENTPPR,ORIENT PAPER AND INDS,638977,INE592A01026
ORIENTTECH,ORIENT TECHNOLOGIES,6390017,INE0PPK01015
ORISSAMINE,ORISSA MIN DEV CO,5102337,INE725E01024
ORKLAINDIA,ORKLA INDIA,194449665,INE16NZ01023
OSWALGREEN,OSWAL GREENTECH,120577,INE143A01010
OSWALPUMPS,OSWAL PUMPS,193741313,INE0BYP01024
OSWALSEEDS,SHREEOSWAL S AND CHE,3662081,INE00IK01029
PACEDIGITK,PACE DIGITEK,194391553,INE0S3G01027
PAGEIND,PAGE INDUSTRIES,3689729,INE761H01022
PAISALO,PAISALO DIGITAL,6519809,INE420C01059
PAKKA,PAKKA,4402433,INE551D01018
PALASHSECU,PALASH SECURITIES,5474049,INE471W01019
PANACEABIO,PANACEA BIOTEC,1038081,INE922B01023
PANACHE,PANACHE DIGILIFE,4170753,INE895W01019
PANAMAPET,PANAMA PETROCHEM,6500353,INE305C01029
PANSARI,PANSARI DEVELOPERS,1572097,INE697V01011
PAR,PAR DRUGS AND CHEM,1441537,INE04LG01015
PARACABLES,PARAMOUNT COMM,3571457,INE074B01023
PARADEEP,PARADEEP PHOSPHATES,2493697,INE088F01024
PARAGMILK,PARAG MILK FOODS,4385281,INE883N01014
PARAS,PARAS DEF AND SPCE TECH L,1513217,INE045601023
PARASPETRO,PARAS PETROFILS,1016833,INE162C01024
PARKHOSPS,PARK MEDI WORLD,194649857,INE119201023
PARKHOTELS,PARKHOTELS,5798145,INE988S01028
PASHUPATI,PASHUPATI COTSPIN,194036481,INE124Y01028
PATANJALI,PATANJALI FOODS,4359425,INE619A01035
PATELENG,PATEL ENGINEERING,2994945,INE244B01030
PATELRMART,PATEL RETAIL,194416385,INE0R8B01010
PAUSHAKLTD,PAUSHAK,194552065,INE111F01024
PAYTM,ONE 97 COMMUNICATIONS,1716481,INE982J01020
PCBL,PCBL CHEMICAL,678145,INE602A01031
PCJEWELLER,PC JEWELLER,7455745,INE785M01021
PDMJEPAPER,PUDUMJEE PAPER PRO.,3936513,INE865T01018
PDSL,PDS,1347585,INE111Q01021
PENIND,PENNAR INDUSTRIES,5278977,INE932A01024
PERSISTENT,PERSISTENT SYSTEMS,4701441,INE262H01021
PETRONET,PETRONET LNG,2905857,INE347G01014
PFC,POWER FIN CORP,3660545,INE134E01011
PFIZER,PFIZER,676609,INE182A01018
PFS,PTC INDIA FIN SERV,5786113,INE560K01014
PGEL,PG ELECTROPLAST,6491649,INE457L01029
PGHH,P&G HYGIENE & HEALTH CARE,648961,INE179A01014
PGHL,PROCTER & GAMBLE HEALTH L,240641,INE199A01012
PGIL,PEARL GLOBAL IND,3650561,INE940H01022
PHARMABEES,NIPPON INDIA NIFTY PHARMA ETF,1273089,INF204KC1089
PHARMAINAV,PHARMABEES INAV,2598145,
PHOENIXLTD,THE PHOENIX MILLS,3725313,INE211B01039
PICCADIL,PICCADILY AGRO INDUSTRI L,193985025,INE546C01010
PIDILITIND,PIDILITE INDUSTRIES,681985,INE318A01026
PIGL,POWER INSTRUMENT (G),4023297,INE557Z01018
PIIND,PI INDUSTRIES,6191105,INE603J01030
PILANIINVS,PILANI INV & IND COR,2929921,INE417C01014
PINELABS,PINE LABS,194513921,INE15B701018
PIONEEREMB,PIONEER EMBROIDERIES,3446529,INE156C01018
PIONRINV,PIONEER INVESTCORP,195284225,INE746D01014
PIRAMALFIN,PIRAMAL FINANCE,194445057,INE202B01038
PITTIENG,PITTI ENGINEERING,3618305,INE450D01021
PIXTRANS,PIX TRANSMISSIONS,2326273,INE751B01018
PKTEA,THE P K TEA PROD CO,2642177,INE431F01018
PLASTIBLEN,PLASTIBLENDS INDIA,3563521,INE083C01022
PLATIND,PLATINUM INDUSTRIES,5870081,INE0PT501018
PML,PAUL MERCHANTS,195285505,INE291E01019
PNB,PUNJAB NATIONAL BANK,2730497,INE160A01022
PNBGILTS,PNB GILTS,2236417,INE859A01011
PNBHOUSING,PNB HOUSING FIN,4840449,INE572E01012
PNC,PRITISH NANDY COMMUNICATI,2391553,INE392B01011
PNCINFRA,PNC INFRATECH,2402561,INE195J01029
PNGJL,P N GADGIL JEWELLERS,6479873,INE953R01016
PNGSREVA,PNGS REVA DIAMOND JEWEL L,194621953,INE1RDG01013
POCL,PONDY OXIDES & CHEM,3682561,INE063E01053
PODDARMENT,PODDAR PIGMENTS,4873217,INE371C01013
POKARNA,POKARNA,4518657,INE637C01025
POLICYBZR,PB FINTECH,1703937,INE417T01026
POLYCAB,POLYCAB INDIA,2455041,INE455K01017
POLYMED,POLY MEDICURE,6583809,INE205C01021
POLYPLEX,POLYPLEX CORPORATION,687873,INE633B01018
PONNIERODE,PONNIE SUGARS (ERODE),2729217,INE838E01017
POONAWALLA,POONAWALLA FINCORP,2919169,INE511C01022
POWERGRID,POWER GRID CORP.,3834113,INE752E01010
POWERICA,POWERICA,194990081,INE921L01032
POWERINDIA,HITACHI ENERGY INDIA,4724993,INE07Y701011
POWERMECH,POWER MECH PROJECTS,2681089,INE211R01019
PPAP,PPAP AUTOMOTIVE,3893505,INE095I01015
PPL,PRAKASH PIPES,2636033,INE050001010
PPLPHARMA,PIRAMAL PHARMA,2962177,INE0DK501011
PRABHA,PRABHA ENERGY,7714305,INE0I0M01023
PRADPME,PRADEEP METALS,195286785,INE770A01010
PRAENG,PRAJAY ENG. SYN.,3568897,INE505C01016
PRAJIND,PRAJ INDUSTRIES,692481,INE074A01025
PRAKASH,PRAKASH INDUSTRIES,693249,INE603A01013
PRAKASHSTL,PRAKASH STEELAGE,5017345,INE696K01024
PRAVEG,PRAVEG,195288065,INE722B01019
PRECAM,PRECISION CAMSHAFTS,3226369,INE484I01029
PRECOT,PRECOT,694017,INE283A01014
PRECWIRE,PRECISION WIRES INDIA,695553,INE372C01037
PREMCO,PREMCO GLOBAL,195289345,INE001E01012
PREMEXPLN,PREMIER EXPLOSIVES,4453633,INE863B01029
PREMIERENE,PREMIER ENERGIES,6412545,INE0BS701011
PRESTIGE,PRESTIGE ESTATE,5197313,INE811K01011
PRICOLLTD,PRICOL,5025537,INE726V01018
PRIMESECU,PRIME SECURITIES,3037185,INE032B01021
PRIMO,PRIMO CHEMICALS,193772801,INE607A01022
PRINCEPIPE,PRINCE PIPES FITTINGS,4107521,INE689W01016
PRITIKAUTO,PRITIKA AUTO INDUS,1354753,INE583R01029
PRIVISCL,PRIVI SPECIALITY CHE,2259201,INE959A01019
PROSTARM,PROSTARM INFO SYSTEMS,194092289,INE0BX301013
PROTEAN,PROTEAN EGOV TECHNO,7544833,INE004A01022
PROZONER,PROZONE REALTY,7387905,INE195N01013
PRSMJOHNSN,PRISM JOHNSON,701185,INE010A01011
PRUDENT,PRUDENT CORP ADV SER,2445569,INE00F201020
PSB,PUNJAB & SIND BANK,5376257,INE608A01012
PSBKICINAV,ICICIPRAMC - PSBKICINAV,3734785,
PSPPROJECT,PSP PROJECTS,5344513,INE488V01015
PSUBANK,KOTAK NIFTY PSU BANK ETF,3855617,INF373I01023
PSUBANKADD,DSP NIFTY PSU BANK ETF,4509697,INF740KA1SY9
PSUBNKBEES,NIPPON INDIA ETF PSU BANK BEES,3848193,INF204KB16I7
PSUBNKIETF,ICICI PRUDENTIAL NIFTY PSU BANK ETF,3733505,INF109KC10S8
PTBKGRINAV,GROWWAMC - PTBKGRINAV,195475713,
PTC,PTC INDIA,2906881,INE877F01012
PTCIL,PTC INDUSTRIES,4270593,INE596F01018
PTL,PTL ENTERPRISES,3609857,INE034D01049
PUNJABCHEM,PUNJAB CHEM & CROP PROT L,1112065,INE277B01014
PURVA,PURAVANKARA,3820033,INE323I01011
PVP,PVP VENTURES,1026561,INE362A01016
PVRINOX,PVR INOX,3365633,INE191H01014
PVSL,POPULAR VEHICLES N SER L,5924353,INE772T01024
PVTBANIETF,ICICI PRUDENTIAL NIFTY PRIVATE BANK ETF,2914817,INF109KC18U7
PVTBANKADD,DSP NIFTY PRIVATE BANK ETF,4499457,INF740KA1TA7
PVTBKGROWW,GROWWAMC - PVTBKGROWW,195474433,INF666M01OT5
PWL,PHYSICSWALLAH,194489089,INE0LP301011
PYRAMID,PYRAMID TECHNOPLAST,4672001,INE0MIS01010
QGOLDHALF,QUANTUM GOLD FUND,3924481,INF082J01408
QGOLDHINAV,QGOLDHALF NAV,2113793,
QMSMEDI,QMS MEDICAL ALLIED S,192411393,INE0FMW01018
QNIFTY,QUANTUM NIFTY 50 ETF,4305665,INF082J01499
QNIFTYINAV,QNIFTY INAV,2598657,
QUADFUTURE,QUADRANT FUTURE TEK,7446273,INE0LRY01011
QUAL30IETF,ICICI PRUDENTIAL NIFTY 200 QUALITY 30 ETF,4558849,INF109KC18V5
QUALITINAV,KOTAKMAMC - QUALITINAV,7815681,
QUALITY30,KOTAK NIFTY200 QUALITY 30 ETF,194034177,INF174KA1WT6
QUESS,QUESS CORP,4532225,INE615P01015
QUINT,QUINT DIGITAL,195290625,INE641R01017
RACLGEAR,RACL GEARTECH,6955777,INE704B01017
RADAAN,RADAAN MEDIAWORKS (I),2798593,INE874F01027
RADHIKAJWE,RADHIKA JEWELTECH,2647809,INE583V01021
RADIANTCMS,RADIANT CASH MGMT SER,3476481,INE855R01021
RADICO,RADICO KHAITAN,2813441,INE944F01028
RADIOCITY,MUSIC BROADCAST,5088513,INE919I01024
RAILTEL,RAILTEL CORP OF IND,622337,INE0DD101019
RAIN,RAIN INDUSTRIES,3926273,INE855B01025
RAINBOW,RAINBOW CHILDRENS MED,2408449,INE961O01016
RAJMET,RAJNANDINI METAL,555009,INE00KV01022
RAJOOENG,RAJOO ENGINEERS,193804545,INE535F01024
RAJPALAYAM,RAJAPALAYAM MILLS,195291905,INE296E01026
RAJRATAN,RAJRATAN GLOBAL WIRE,4854273,INE451D01029
RAJSREESUG,RAJSHREE SUGAR & CHEMICAL,719105,INE562B01019
RAJTV,RAJ TV NETWORK,3687169,INE952H01027
RALLIS,RALLIS INDIA,720897,INE613A01020
RAMANEWS,SHREE RAMA NEWSPRINT,3472641,INE278B01020
RAMAPHO,RAMA PHOSPHATES,2705409,INE809A01032
RAMASTEEL,RAMA STEEL TUBES,2636801,INE230R01035
RAMCOCEM,THE RAMCO CEMENTS,523009,INE331A01037
RAMCOIND,RAMCO INDUSTRIES,1174273,INE614A01028
RAMCOSYS,RAMCO SYSTEMS,2009857,INE246B01019
RAMKY,RAMKY INFRA,5154305,INE874I01013
RAMRAT,RAM RATNA WIRES,2684161,INE207E01023
RANASUG,RANA SUGARS,726273,INE625B01014
RANEHOLDIN,RANE HOLDINGS,728065,INE384A01010
RATEGAIN,RATEGAIN TRAVEL TECHN,1837313,INE0CLI01024
RATNAMANI,RATNAMANI MET & TUB,3443457,INE703B01027
RATNAVEER,RATNAVEER PRECISION ENG L,4716289,INE05CZ01011
RAYMOND,RAYMOND,731905,INE301A01014
RAYMONDLSL,RAYMOND LIFESTYLE,6418689,INE02ID01020
RAYMONDREL,RAYMOND REALTY,194189057,INE1SY401010
RBA,RESTAURANT BRAND ASIA,382465,INE07T201019
RBLBANK,RBL BANK,4708097,INE976G01028
RBZJEWEL,RBZ JEWELLERS,5343745,INE0PEQ01016
RCF,RASHTRIYA CHEMICALS & FER,733697,INE027A01015
RECLTD,REC,3930881,INE020B01018
REDINGTON,REDINGTON,3649281,INE891D01026
REDTAPE,REDTAPE,4571905,INE0LXT01019
REFEX,REFEX INDUSTRIES,4547585,INE056I01025
REGENCERAM,REGENCY CERAMICS,1057281,INE277C01012
RELAXO,RELAXO FOOT,6201601,INE131B01039
RELCHEMQ,RELIANCE CHEMOTEX IND,2470913,INE750D01016
RELIABLE,RELIABLE DATA SERVICE,6240769,INE375Y01018
RELIANCE,RELIANCE INDUSTRIES,738561,INE002A01018
RELIGARE,RELIGARE ENTER.,3857409,INE621H01010
RELTD,RAVINDRA ENERGY,6296577,INE206N01018
REMSONSIND,REMSONS INDUSTRIES,1015041,INE474C01023
RENUKA,SHREE RENUKA SUGARS,3078657,INE087H01022
REPCOHOME,REPCO HOME FINANCE,7577089,INE612J01015
REPRO,REPRO INDIA,3360257,INE461B01014
RESPONIND,RESPONSIVE INDUSTRIES,5202689,INE688D01026
RETAIL,JHS SVENDGAARD RETAIL V L,6181121,INE03DD01011
RGL,RENAISSANCE GLOBAL,3873025,INE722H01024
RHETAN,RHETAN TMT,194319873,INE0KKN01029
RHIM,RHI MAGNESITA INDIA,7977729,INE743M01012
RHL,ROBUST HOTELS,3880193,INE508K01013
RICOAUTO,RICO AUTO INDUSTRIES,744705,INE209B01025
RIIL,RELIANCE INDUSTRIAL INFRA,745473,INE046A01015
RISHABH,RISHABH INSTRUMENTS,4714753,INE0N2P01017
RITCO,RITCO LOGISTICS,2289665,INE01EG01016
RITES,RITES,962817,INE320J01015
RKDL,RAVI KUMAR DIST.,5363201,INE722J01012
RKEC,RKEC PROJECTS,396033,INE786W01010
RKFORGE,RAMKRISHNA FORGINGS,2921217,INE399G01023
RKSWAMY,R K SWAMY,5899009,INE0NQ801033
RMC,RMC SWITCHGEARS,195160577,INE655V01019
RMDRIP,R M DRIP & SPRINK SYS,194005505,INE219Y01026
RML,RANE (MADRAS),3065601,INE050H01012
RNBDENIMS,R&B DENIMS,194299137,INE012Q01039
ROHLTD,ROYAL ORCHID HOTELS,3374593,INE283H01019
ROLEXRINGS,ROLEX RINGS,1351425,INE645S01024
ROML,RAJ OIL MILLS,91905,INE294G01026
ROSSARI,ROSSARI BIOTECH,4968961,INE02A801020
ROSSELLIND,ROSSELL INDIA,7401729,INE847C01020
ROSSTECH,ROSSELL TECHSYS,7002369,INE0OJW01016
ROTO,ROTO PUMPS,2316545,INE535D01037
ROUTE,ROUTE MOBILE,32769,INE450U01017
RPEL,RAGHAV PRODUCTIVITY ENH L,6332161,INE912T01018
RPGLIFE,RPG LIFE SCIENCES,4281601,INE105J01010
RPOWER,RELIANCE POWER,3906305,INE614G01033
RPPINFRA,R.P.P INFRA PROJECTS,5314561,INE324L01013
RPPL,RAJSHREE POLYPACK,1769729,INE760W01023
RPSGVENT,RPSG VENTURES,2078465,INE425Y01011
RPTECH,RASHI PERIPHERALS,5803521,INE0J1F01024
RRIL,R R I L,195293185,INE951M01037
RRKABEL,R R KABEL,4752897,INE777K01022
RSDFIN,R S D FINANCE,195294465,INE616F01022
RSL,RAJPUTANA STAINLESS,194928385,INE313L01016
RSYSTEMS,R SYS INTERNATIONAL,3433985,INE411H01032
RTNINDIA,RATTANINDIA ENT,6988033,INE834M01019
RTNPOWER,RATTANINDIA POWER,4485121,INE399K01017
RUBFILA,RUBFILA INTERNATIONAL,6330881,INE642C01025
RUBICON,RUBICON RESEARCH,194384897,INE506V01022
RUCHINFRA,RUCHI INFRASTRUCTURE,1168897,INE413B01023
RUCHIRA,RUCHIRA PAPERS,3538177,INE803H01014
RUPA,RUPA & COMPANY,6585345,INE895B01021
RUSHIL,RUSHIL DECOR,6296321,INE573K01025
RUSTOMJEE,KEYSTONE REALTORS,3128065,INE263M01029
RVHL,RAVINDER HEIGHTS,400641,INE09E501017
RVNL,RAIL VIKAS NIGAM,2445313,INE415G01027
RVTH,REVATHI EQUIPMENT INDIA L,6440193,INE0DAB01012
S&SPOWER,S&S POWER SWITCHGEARS,755457,INE902B01017
SAATVIKGL,SAATVIK GREEN ENERGY,194318593,INE13B501022
SADBHAV,SADBHAV ENGINEERING,3388417,INE226H01026
SAFARI,SAFARI IND (INDIA),3336961,INE429E01023
SAGARDEEP,SAGARDEEP ALLOYS,2092801,INE976T01013
SAGCEM,SAGAR CEMENTS,3601409,INE229C01021
SAGILITY,SAGILITY,6925313,INE0W2G01015
SAHLIBHFI,SHALIBHADRA FINANCE,194992129,INE861D01011
SAHYADRI,SAHYADRI INDUSTRIES,3814401,INE280H01015
SAIL,STEEL AUTHORITY OF INDIA,758529,INE114A01011
SAILIFE,SAI LIFE SCIENCES,7126785,INE570L01029
SAIPARENT,SAI PARENTERALS,194988801,INE0H9F01037
SAKAR,SAKAR HEALTHCARE,2441985,INE732S01012
SAKHTISUG,SAKTHI SUGARS,760065,INE623A01011
SAKSOFT,SAKSOFT,3019265,INE667G01023
SALASAR,SALASAR TECHNO ENGG.,5468673,INE170V01027
SALONA,SALONA COTSPIN,4441857,INE498E01010
SALZERELEC,SALZER ELECTRONICS,2918145,INE457F01013
SAMBHAAV,SAMBHAAV MEDIA,1056513,INE699B01027
SAMBHV,SAMBHV STEEL TUBES,193988353,INE12NJ01018
SAMHI,SAMHI HOTELS,4765185,INE08U801020
SAMMAANCAP,SAMMAAN CAPITAL,7712001,INE148I01020
SAMPANN,SAMPANN UTPADAN INDIA,6989569,INE735M01018
SANATHAN,SANATHAN TEXTILES,7374081,INE0JPD01013
SANDESH,SANDESH,764929,INE583B01015
SANDHAR,SANDHAR TECHNOLOGIES,613633,INE278H01035
SANDUMA,SANDUR MANG & IRON ORES L,4699905,INE149K01016
SANGAMIND,SANGAM (INDIA),1071105,INE495C01010
SANGHVIMOV,SANGHVI MOVERS,3598849,INE989A01032
SANOFI,SANOFI INDIA,369153,INE058A01010
SANOFICONR,SANOFI CONS HEALTHC IND L,6456833,INE0UOS01011
SANSERA,SANSERA ENGINEERING,1472257,INE953O01021
SANSTAR,SANSTAR,6292993,INE08NE01025
SAPPHIRE,SAPPHIRE FOODS INDIA,1719809,INE806T01020
SAPPL,SHREE AJIT PULP & PAPER L,195295745,INE185C01017
SARDAEN,SARDA ENERGY & MIN,4546049,INE385C01021
SAREGAMA,SAREGAMA INDIA,1252353,INE979A01025
SARLAPOLY,SARLA PERF. FIBERS,3595009,INE453D01025
SASKEN,SASKEN TECHNOLOGIES,3067649,INE231F01020
SATIA,SATIA INDUSTRIES,2827521,INE170E01023
SATIN,SATIN CREDIT NET,2675969,INE836B01017
SAURASHCEM,SAURASHTRA CEMENT,772609,INE626A01014
SAYAJIHOTL,SAYAJI HOTELS,195297025,INE318C01014
SBC,SBC EXPORTS,1738753,INE04AK01028
SBCL,SHIVALIK BIMETAL CON.,1191937,INE386D01027
SBFC,SBFC FINANCE,4614657,INE423Y01016
SBGLP,SURATWWALA BUS GROUP,3619585,INE05ST01028
SBI150INAV,SBIAMC - SBI150INAV,7838465,
SBIBPB,SBI BSE PSU BANK ETF,7754241,INF200KB1712
SBIBPBINAV,SBIAMC - SBIBPBINAV,7755009,
SBICARD,SBI CARDS & PAY SER,4600577,INE018E01016
SBICONINAV,SBIETFCON INAV,2599169,
SBIETFCON,SBI ETF CONSUMPTION ETF,1323009,INF200KA1X17
SBIETFINAV,SBIETFIT INAV,2600961,
SBIETFIT,SBI ETF IT ETF,189441,INF200KA1S14
SBIETFPB,SBI ETF PRIVATE BANK ETF,184833,INF200KA1S22
SBIETFQLTY,SBI NIFTY 200 QUALITY 30 ETF,1847809,INF200KA1WX6
SBIFPBINAV,SBIETFPB INAV,2599425,
SBILIFE,SBI LIFE INSURANCE CO,5582849,INE123W01016
SBILIQETF,SBI NIFTY 1D RATE LIQUID ETF,194174977,INF200KB1969
SBILIQINAV,SBIAMC - SBILIQINAV,7817473,
SBILTYINAV,SBIETFQLTY INAV,2598913,
SBIMIDMOM,SBIAMC - SBIMIDMOM,194840321,INF200KB1AJ0
SBIMOMINAV,SBIAMC - SBIMOMINAV,7835905,
SBIN,STATE BANK OF INDIA,779521,INE062A01020
SBINEQINAV,SBIAMC - SBINEQINAV,6278913,
SBINEQWETF,SBI NIFTY50 EQUAL WEIGHT ETF,6278145,INF200KB1282
SBINMID150,SBIAMC - SBINMID150,195005697,INF200KB1AK8
SBISILINAV,SBIAMC - SBISILINAV,6238465,
SBISILVER,SBI SILVER ETF,6237697,INF200KB1217
SBISMLETF,SBIAMC - SBISMLETF,195467009,INF200KB1AY9
SBISMLINAV,SBIAMC - SBISMLINAV,195469057,
SBIVALETF,SBIAMC - SBIVALETF,195467777,INF200KB1AX1
SBIVALINAV,SBIAMC - SBIVALINAV,195468801,
SCANSTL,SCAN STEELS,195298305,INE099G01011
SCHAEFFLER,SCHAEFFLER INDIA,258817,INE513A01022
SCHAND,S CHAND AND COMPANY,5298689,INE807K01035
SCHNEIDER,SCHNEIDER ELECTRIC INFRA,7995905,INE839M01018
SCI,SHIPPING CORP OF INDIA LT,780289,INE109A01011
SCILAL,SHIPPING CORP OF ILA,5920513,INE0PB301013
SCODATUBES,SCODA TUBES,193914369,INE090501011
SCPL,SHEETAL COOL PRODUCTS,3090433,INE501Y01019
SDBL,SOM DIST & BREW,342529,INE480C01038
SDL24BINAV,SDL24BEES INAV,2596353,
SDL26BINAV,SDL26BEES INAV,2597633,
SEAMECLTD,SEAMEC,669697,INE497B01018
SECMARK,SECMARK CONSULTANCY,4990977,INE0BTM01013
SECURKLOUD,SECUREKLOUD TECH,2830849,INE650K01021
SEDEMAC,SEDEMAC MECHATRONICS,194855169,INE00XB01019
SEIL,SHANTI EDU INITIATIVES L,195299585,INE440T01028
SELECTIPO,MIRAE ASSET BSE SELECT IPO ETF,7707905,INF769K01ON4
SELIPOINAV,MIRAEAMC - SELIPOINAV,7712513,
SELMC,SEL MANUFACTURING CO,1603073,INE105I01020
SENCO,SENCO GOLD,4421377,INE602W01027
SENORES,SENORES PHARMACEUTICALS L,7395329,INE0RB801010
SENSEXADD,DSP BSE SENSEX ETF,4508929,INF740KA1SZ6
SENSEXBETA,UTI BSE SENSEX ETF,2691841,INF789FB1X58
SENSEXETF,MIRAE ASSET S&P BSE SENSEX ETF,4921345,INF769K01KT9
SENSEXIETF,ICICI PRUDENTIAL BSE SENSEX ETF,1120769,INF346A01034
SENSEXINAV,MIRAEAMC - SENSEXINAV,4927233,
SEPC,SEPC,3918849,INE964H01014
SERVOTECH,SERVOTECH REN POW SYS,1409793,INE782X01033
SESHAPAPER,SESHASAYEE PAPER & BOARDS,784897,INE630A01024
SETF10GILT,SBI NIFTY 10 YR BENCHMARK G-SEC ETF,4453121,INF200KA1JT1
SETF10INAV,SETF10GILT INAV,2599681,
SETF50INAV,SETFNIF50 INAV,2601217,
SETFGOINAV,SETFGOLD NAV,2114049,
SETFGOLD,SBI GOLD ETF,4421633,INF200KA16D8
SETFNIF50,SBI NIFTY 50 ETF,2605057,INF200KA1FS1
SETFNIFBK,SBI NIFTY BANK ETF,1884417,INF200KA1580
SETFNIINAV,SETFNIFBK INAV,2602497,
SETFNN50,SBI NIFTY NEXT 50 ETF,1882369,INF200KA1598
SETFNNINAV,SETFNN50 INAV,2602753,
SETL,STANDARD ENGNG TCNLGY,7443201,INE0M4D01010
SFL,SHEELA FOAM,4911105,INE916U01025
SGFIN,SG FINSERVE,194266369,INE618R01015
SGIL,SYNERGY GREEN IND.,1309185,INE00QT01015
SGL,STL GLOBAL,3421953,INE353H01010
SGMART,SG MART,194275585,INE385F01024
SHADOWFAX,SHADOWFAX TECHNOLOGIES L,194936065,INE12UN01015
SHAH,SHAH METACORP,5195777,INE482J01021
SHAHALLOYS,SHAH ALLOYS,3035137,INE640C01011
SHAILY,SHAILY ENG PLASTICS,2234113,INE151G01028
SHAKTIPUMP,SHAKTI PUMPS (I),6546945,INE908D01010
SHALBY,SHALBY,182785,INE597J01018
SHALPAINTS,SHALIM PAINTS,3927553,INE849C01026
SHANTI,SHANTI OVERSEAS INDIA,1446401,INE933X01016
SHANTIGEAR,SHANTHI GEARS,787969,INE631A01022
SHANTIGOLD,SHANTI GOLD INTERNATION L,194048513,INE06ZD01017
SHARDACROP,SHARDA CROPCHEM,1277953,INE221J01015
SHARDAMOTR,SHARDA MOTOR INDS,2695681,INE597I01028
SHARDUL,SHARDUL SECURITIES,195300865,INE037B01020
SHAREINDIA,SHARE IND. SECURITIES,26625,INE932X01026
SHARIABEES,NIPPON INDIA ETF NIFTY 50 SHARIAH BEES,4363265,INF732E01128
SHBAJRG,SHRI BAJRANG ALLIANCE L,195302145,INE402H01015
SHEMAROO,SHEMAROO ENTER.,1297409,INE363M01019
SHILCTECH,SHILCHAR TECHNOLOGIES,194520833,INE024F01011
SHILPAMED,SHILPA MEDICARE,4544513,INE790G01031
SHINDL,SHARAT INDUSTRIES,195303425,INE220Z01013
SHIVATEX,SHIVA TEXYARN,205825,INE705C01020
SHIVAUM,SHIV AUM STEELS,194495233,INE719F01016
SHK,S H KELKAR AND CO.,2870273,INE500L01026
SHOPERSTOP,SHOPPERS STOP,3024129,INE498B01024
SHRADHA,SHRADHA REALTY,181249,INE715Y01031
SHREDIGCEM,SHREE DIGVIJAY CEM CO,793345,INE232A01011
SHREECEM,SHREE CEMENT,794369,INE070A01015
SHREEJISPG,SHREEJI SHIPPING GLOBAL L,194418689,INE1B6101010
SHREEPUSHK,SHRE PUSH CHEM & FERT,2710529,INE712K01011
SHREERAMA,SHREE RAMA MULTI TECH,1952513,INE879A01019
SHREYANIND,SHREYANS INDUSTRIES,800257,INE231C01019
SHRIKRISH,SHRI KRISHNA DEVCON,195304705,INE997I01012
SHRINGARMS,SHRINGAR HOU OF MANGALS L,194327809,INE1B3L01017
SHRIPISTON,SHRIRAM PIST. & RING,4399617,INE526E01018
SHRIRAMFIN,SHRIRAM FINANCE,1102337,INE721A01047
SHRIRAMPPS,SHRIRAM PROPERTIES,1843201,INE217L01019
SHYAMCENT,SHYAM CENTURY FERROUS,2608129,INE979R01011
SHYAMMETL,SHYAM METALICS AND ENGY L,1201409,INE810G01011
SICAGEN,SICAGEN INDIA,4320001,INE176J01011
SIEMENS,SIEMENS,806401,INE003A01024
SIGIND,SIGNET INDUSTRIES,1157633,INE529F01035
SIGMA,SIGMA SOLVE,4264449,INE0A0S01028
SIGNATURE,SIGNATUREGLOBAL INDIA,4798209,INE903U01023
SIGNPOST,SIGNPOST INDIA,5799937,INE0KGZ01021
SIKA,SIKA INTERPLANT SYSTEMS L,195305985,INE438E01032
SIKKO,SIKKO INDUSTRIES,1591809,INE112X01025
SIL,STANDARD INDUSTRIES,2892033,INE173A01025
SIL360INAV,360ONEAMC - SIL360INAV,7807489,
SILBNDINAV,BANDHANAMC - SILBNDINAV,7829505,
SILCASINAV,ZERODHAAMC - SILCASINAV,7751681,
SILETFINAV,UTIAMC - SILETFINAV,3864065,
SILGO,SILGO RETAIL,637953,INE01II01013
SILINV,SIL INVESTMENTS,1050881,INE923A01015
SILLYMONKS,SILLY MONKS ENTERTAIN,4888833,INE203Y01012
SILVER,ADITYA BIRLA SUN LIFE SILVER ETF,2048769,INF209KB19F6
SILVER1,KOTAK SILVER ETF,3348993,INF174KA1ZD3
SILVER360,360 ONE SILVER ETF,193574401,INF579M01BC3
SILVERADD,DSP SILVER ETF,2754817,INF740KA1RE3
SILVERAG,MIRAE ASSET SILVER ETF,4294913,INF769K01KG6
SILVERBEES,NIPPON INDIA SILVER ETF,2068481,INF204KC1402
SILVERBETA,UTI SILVER ETF,3861761,INF789F1AYK6
SILVERBND,BANDHAN SILVER ETF,194643969,INF194KB1KI9
SILVERCASE,ZERODHA SILVER ETF,7750145,INF0R8F01091
SILVERIETF,ICICI PRUDENTIAL SILVER ETF,2033153,INF109KC1Y56
SILVERINAV,SILVER NAV,2108929,
SILVERTUC,SILVER TOUCH TECHNO,2412033,INE625X01026
SIMPLEXINF,SIMPLEX INFRASTRUCTURES L,809473,INE059B01024
SINCLAIR,SINCLAIRS HOTELS,6010881,INE985A01022
SINDHUTRAD,SINDHU TRADE LINKS,4315905,INE325D01025
SINGERIND,SINGER INDIA,194923521,INE638A01035
SINTERCOM,SINTERCOM INDIA,97537,INE129Z01016
SIRCA,SIRCA PAINT INDIA,2828801,INE792Z01011
SIS,SIS,5504257,INE285J01028
SIYSIL,SIYARAM SILK MILLS,3608577,INE076B01028
SJS,SJS ENTERPRISES,1700609,INE284S01014
SJVN,SJVN,4834049,INE002L01015
SKFINDIA,SKF INDIA,815617,INE640A01023
SKFINDUS,SKF IND (INDUSTRIAL),194585857,INE2J8701016
SKIPPER,SKIPPER,2413569,INE439E01022
SKMEGGPROD,SKM EGG PROD EXPORT(I) LT,1211393,INE411D01023
SKYGOLD,SKY GOLD AND DIAMONDS,3489537,INE01IU01018
SMAADDINAV,DSPAMC - SMAADDINAV,7830529,
SMACAPINAV,MIRAEAMC - SMACAPINAV,5852929,
SMALL250,MIRAE ASSET NIFTY SMALLCAP 250 ETF,194512385,INF769K01PQ4
SMALL2INAV,MIRAEAMC - SMALL2INAV,7826689,
SMALLADD,DSP NIFTY SMALLCAP 250 ETF,194651905,INF740KA1WX3
SMALLCAP,MIRAE ASSET NIFTY SMALLCAP 250 MOMENTUM QUALITY 100 ETF,5844993,INF769K01LC3
SMALLGINAV,GROWWAMC - SMALLGINAV,192453121,
SMALLGROWW,GROWWAMC - SMALLGROWW,192446721,INF666M01PG9
SMARTWORKS,SMARTWORKS COWORKING SP L,194039041,INE0NAZ01010
SMCGLOBAL,SMC GLOBAL SECURITIES,593921,INE103C01036
SML100CASE,ZERODHA NIFTY SMALLCAP 100 ETF,194292481,INF0R8F01141
SML100INAV,ZERODHAAMC - SML100INAV,7819265,
SMLMAH,SML MAHINDRA,867073,INE294B01019
SMLT,SARTHAK METALS,1751809,INE017W01010
SMSPHARMA,SMS PHARMACEUTICALS,3668225,INE812G01025
SNOWMAN,SNOWMAN LOGISTICS,1239809,INE734N01019
SNXT30BEES,NIPPON INDIA BSE SENSEX NEXT 30 ETF,193908481,INF204KC1EZ3
SNXT30INAV,NIPPONAMC - SNXT30INAV,7812865,
SNXT50BETA,UTI BSE SENSEX NEXT 50 ETF,2347009,INF789F1AUU3
SOBHA,SOBHA,3539457,INE671H01015
SOLARA,SOLARA ACTIVE PHA SCI,940033,INE624Z01016
SOLARINDS,SOLAR INDUSTRIES (I),3412993,INE343H01029
SOLARWORLD,SOLARWORLD ENERGY SOL,194541825,INE0TY101024
SOLEX,SOLEX ENERGY,194405633,INE880Y01017
SOMANYCERA,SOMANY CERAMICS,993281,INE355A01028
SOMATEX,SOMA TEXTILES & INDUST LT,1075457,INE314C01013
SOMICONVEY,SOMI CONVEYOR BELT.,4555265,INE323J01019
SONACOMS,SONA BLW PRECISION FRGS L,1199105,INE073K01018
SONAL,SONAL MERCANTILE,195307265,INE321M01017
SONAMLTD,SONAM,2254337,INE00LM01029
SONATSOFTW,SONATA SOFTWARE,1688577,INE269A01021
SOTL,SAVITA OIL TECHNOLO.,773377,INE035D01020
SOUTHBANK,THE SOUTH INDIAN BANK,1522689,INE683A01023
SOUTHWEST,SOUTH WEST PINNACLE,2477569,INE980Y01015
SPAL,S. P. APPARELS,4672513,INE212I01016
SPANDANA,SPANDANA SPHOORTY FIN,2927361,INE572J01011
SPARC,SUN PHARMA ADV.RES.CO.LTD,3785729,INE232I01014
SPCENET,SPACENET ENTERS IND,4959233,INE970N01027
SPECIALITY,SPECIALITY REST,6939393,INE247M01014
SPECTRUM,SPECTRUM ELECTRIC IND,7796481,INE01EO01010
SPENCERS,SPENCER S RETAIL,2089729,INE020801028
SPIC,SPIC,832513,INE147A01011
SPLIL,SPL INDUSTRIES,3055361,INE978G01016
SPLPETRO,SUPREME PETROCHEM,2461953,INE663A01033
SPMLINFRA,SPML INFRA,850177,INE937A01023
SPORTKING,SPORTKING INDIA,2747649,INE885H01029
SRD,SHANKAR LAL RAMPAL,6588673,INE01NE01012
SREEL,SREELEATHERS,8150273,INE099F01013
SRF,SRF,837889,INE647A01010
SRGHFL,SRG HOUSING FINANCE L,4638465,INE559N01010
SRHHYPOLTD,SREE RAYALSEEMA HHP,3732993,INE917H01012
SRM,SRM CONTRACTORS,5990913,INE0R6Z01013
SRTL,SHREE RAM TWISTEX,194608129,INE19GK01015
SSDL,SARASWATI SAREE DEPOT,6363137,INE0PQ101010
SSWL,STEEL STRIPS WHEELS,3028225,INE802C01033
STALLION,STALLION IND FLUOROCHEM L,7476225,INE0RYC01010
STANLEY,STANLEY LIFESTYLES,6201857,INE01A001028
STAR,STRIDES PHARMA SCI,1887745,INE939A01011
STARCEMENT,STAR CEMENT,5399297,INE460H01021
STARHEALTH,STAR HEALTH & AL INS CO L,1813249,INE575P01011
STARPAPER,STAR PAPER MILLS,842497,INE733A01018
STARTECK,STARTECK FINANCE,2382081,INE992I01013
STCINDIA,THE STATE TRADING CORPN,2802689,INE655A01013
STEELCAS,STEELCAST,1741569,INE124E01038
STEELCITY,STEEL CITY SECURITIES,2663937,INE395H01011
STEELXIND,STEEL EXCHANGE INDIA,5462785,INE503B01021
STEL,STEL HOLDINGS,5499905,INE577L01016
STERTOOLS,STERLING TOOLS,1100545,INE334A01023
STOVEKRAFT,STOVE KRAFT,539393,INE00IN01015
STUDDS,STUDDS ACCESSORIES,194454273,INE00Q601028
STYL,SESHAASAI TECHNOLOGIES L,194543105,INE04VU01023
STYLAMIND,STYLAM INDUSTRIES,1327617,INE239C01020
STYRENIX,STYRENIX PERFORMANCE,4865,INE189B01011
SUBROS,SUBROS,850945,INE287B01021
SUDARCOLOR,SUDARSHAN COLORNT IND,183041,INE492A01029
SUDARSCHEM,SUDARSHAN CHEMICAL INDS L,851713,INE659A01023
SUDEEPPHRM,SUDEEP PHARMA,194569985,INE0QPI01025
SUKHJITS,SUKHJIT STARCH & CHEM,3021825,INE450E01029
SULA,SULA VINEYARDS,3383809,INE142Q01026
SUMEETINDS,SUMEET IND,5322241,INE235C01036
SUMICHEM,SUMITOMO CHEM INDIA,4378881,INE258G01013
SUMMITSEC,SUMMIT SECURITIES,5446401,INE519C01017
SUNCLAY,SUNDARAM CLAYTON,5364737,INE0Q3R01026
SUNDARAM,SUNDARAM MULTI PAP,4846337,INE108E01023
SUNDARMFIN,SUNDARAM FINANCE,854785,INE660A01013
SUNDRMBRAK,SUNDARAM BRAK LININGS,1069825,INE073D01013
SUNDRMFAST,SUNDRAM FASTENERS,856321,INE387A01021
SUNDROP,SUNDROP BRANDS,425729,INE209A01019
SUNFLAG,SUNFLAG IRON AND STEEL CO,857089,INE947A01014
SUNPHARMA,SUN PHARMACEUTICAL IND L,857857,INE044A01036
SUNTECK,SUNTECK REALTY,4516097,INE805D01034
SUNTV,SUN TV NETWORK,3431425,INE424H01027
SUPERHOUSE,SUPERHOUSE,5277697,INE712B01010
SUPRAJIT,SUPRAJIT ENGINEERING,2992385,INE399C01030
SUPREME,SUPREME HOLDIN N HOSP I L,7536385,INE822E01011
SUPREMEIND,SUPREME INDUSTRIES,860929,INE195A01028
SUPREMEINF,SUPREME INFRA.,3840513,INE550H01011
SUPRIYA,SUPRIYA LIFESCIENCE,1891841,INE07RO01027
SURAJEST,SURAJ ESTATE DEVELOPERS L,5330433,INE843S01025
SURAJLTD,SURAJ,6391297,INE713C01016
SURAKSHA,SURAKSHA DIAGNOSTIC,6997505,INE877V01027
SURANASOL,SURANA SOLAR,5395713,INE272L01022
SURANAT&P,SURANA TELECOM AND POW LT,2739201,INE130B01031
SURYALA,SURYALATA SPINNING MILL L,195308545,INE132C01027
SURYALAXMI,SURYALAKSHMI COT MIL,3034113,INE713B01026
SURYAROSNI,SURYA ROSHNI,864001,INE335A01020
SURYODAY,SURYODAY SMALL FIN BK,760321,INE428Q01011
SUTLEJTEX,SUTLEJ TEXT & INDUS,3533057,INE645H01027
SUVEN,SUVEN LIFE SCIENCES,2875649,INE495B01038
SUVIDHAA,SUVIDHAA INFOSERVE,767489,INE018401013
SUYOG,SUYOG TELEMATICS,6361857,INE442P01014
SUZLON,SUZLON ENERGY,3076609,INE040H01021
SWANCORP,SWAN CORP,6936321,INE665A01038
SWARAJENG,SWARAJ ENGINES,866305,INE277A01016
SWELECTES,SWELECT ENERGY SYS,3048705,INE409B01013
SWIGGY,SWIGGY,6928897,INE00H001014
SWSOLAR,STRLNG & WIL REN ENE,3197185,INE00M201021
SYMPHONY,SYMPHONY,6192641,INE225D01027
SYNCOMF,SYNCOM FORMU (I),3069953,INE312C01025
SYNGENE,SYNGENE INTERNATIONAL,2622209,INE398R01022
SYRMA,SYRMA SGS TECHNOLOGY,2763009,INE0DYJ01015
TAALTECH,TAAL TECH,195309825,INE524T01011
TAGOLDINAV,TATAAML-TAGOLDINAV,5488129,
TAINWALCHM,TAINWALA CHEMICAL AND PLA,869377,INE123C01018
TAJGVK,TAJ GVK HOTELS & RESORTS,2394625,INE586B01026
TALBROAUTO,TALBROS AUTO. COMP.,3493889,INE187D01029
TAMBOLIIN,TAMBOLI INDUSTRIES,195311105,INE864J01012
TANLA,TANLA PLATFORMS,3577857,INE483C01032
TARACHAND,TARA CHAND INFRA SOLN,6019073,INE555Z01020
TARAPUR,TARAPUR TRANSFORMERS,4819713,INE747K01017
TARC,TARC,404737,INE0EK901012
TARIL,TRANS & RECTI.,3884545,INE763I01026
TARMAT,TARMAT,3781377,INE924H01018
TARSONS,TARSONS PRODUCTS,1777409,INE144Z01023
TASILVINAV,TATAAML-TASILVINAV,5490945,
TASTYBITE,TASTY BITE EATABLES,5143553,INE488B01017
TATACAP,TATA CAPITAL,194371841,INE976I01016
TATACHEM,TATA CHEMICALS,871681,INE092A01019
TATACOMM,TATA COMMUNICATIONS,952577,INE151A01013
TATACONSUM,TATA CONSUMER PRODUCT,878593,INE192A01025
TATAELXSI,TATA ELXSI,873217,INE670A01012
TATAGOLD,TATA GOLD EXCHANGE TRADED FUND,5478657,INF277KA1976
TATAINVEST,TATA INVESTMENT CORP,414977,INE672A01026
TATAPOWER,TATA POWER CO,877057,INE245A01021
TATASTEEL,TATA STEEL,895745,INE081A01020
TATATECH,TATA TECHNOLOGIES,5195009,INE142M01025
TATSILV,TATA SILVER EXCHANGE TRADED FUND,5485569,INF277KA1984
TATVA,TATVA CHIN PHARM CHEM,1321473,INE0GK401011
TBOTEK,TBO TEK,6077441,INE673O01025
TBZ,TRIB BHIMJI ZAVERI,6921473,INE760L01018
TCC,TCC CONCEPT,195024385,INE887D01016
TCI,TRANSPORT CORPN OF INDIA,2708481,INE688A01022
TCIEXP,TCI EXPRESS,4921089,INE586V01016
TCPLPACK,TCPL PACKAGING,47105,INE822C01015
TCS,TATA CONSULTANCY SERV LT,2953217,INE467B01029
TDPOWERSYS,TD POWER SYSTEMS,6445569,INE419M01027
TEAMGTY,TEAM INDIA GUARANTY,2743553,INE289C01025
TEAMLEASE,TEAMLEASE SERVICES,3255297,INE985S01024
TECH,ADITYA BIRLA SUN LIFE NIFTY IT ETF,1654273,INF209KB11D8
TECHINAV,TECH INAV,2551041,
TECHM,TECH MAHINDRA,3465729,INE669C01036
TECHNOE,TECHNO ELEC & ENG CO.,1649921,INE285K01026
TECHNVISN,TECHNVISION VENTURES,195312385,INE314H01012
TECILCHEM,TECIL CHEMICALS,883969,INE014B01011
TEGA,TEGA INDUSTRIES,1818881,INE011K01018
TEJASNET,TEJAS NETWORKS,5409537,INE010J01012
TEMBO,TEMBO GLOBAL IND,838401,INE869Y01010
TENNIND,TENNECO CLEAN AIR INDIA L,194529281,INE19RI01016
TERASOFT,TERA SOFTWARE,4938753,INE482B01010
TEXINFRA,TEXMACO INFRA & HOLDG,2956545,INE435C01024
TEXMOPIPES,TEXMO PIPE & PRODUCTS,4662785,INE141K01013
TEXRAIL,TEXMACO RAIL & ENG.,5587969,INE621L01012
TFCILTD,TOURISM FINANCE CORP. OF,887297,INE305A01023
TFL,TRANSWARRANTY FIN.,3665665,INE804H01012
TGBHOTELS,TGB BANQUETS&HOTELS,3739393,INE797H01018
THAKDEV,THAKKERS DEVELOPERS,195314945,INE403F01017
THANGAMAYL,THANGAMAYIL JEWELLERY,4638209,INE085J01014
THEINVEST,THE INVEST TRUST OF IND L,5485313,INE924D01017
THEJO,THEJO ENGINEERING,4935425,INE121N01019
THELEELA,LEELA PALACES HOTEL,193795585,INE0AQ201015
THEMISMED,THEMIS MEDICARE,3708161,INE083B01024
THERMAX,THERMAX,889601,INE152A01029
THOMASCOOK,THOMAS COOK (INDIA),891137,INE332A01027
THOMASCOTT,THOMAS SCOTT (INDIA),7940353,INE480M01011
THYROCARE,THYROCARE TECH,4360193,INE594H01019
TI,TILAKNAGAR INDUSTRIES,4914177,INE133E01013
TICL,TWAMEV CONS AND INFRA,4992257,INE388G01026
TIIL,TECHNOCRAFT IND,3641089,INE545H01011
TIINDIA,TUBE INVEST OF INDIA,79873,INE974X01010
TIJARIA,TIJARIA POLYPIPES,6523393,INE440L01017
TIL,TIL,891905,INE806C01018
TIMETECHNO,TIME TECHNOPLAST,3764993,INE508G01029
TIMEX,TIMEX GROUP INDIA,195316225,INE064A01026
TIMKEN,TIMKEN INDIA,3634689,INE325A01013
TINNARUBR,TINNA RUBBER AND INFR,193541121,INE015C01016
TIPSFILMS,TIPS FILMS,2911745,INE0LQS01015
TIPSMUSIC,TIPS MUSIC,2333953,INE716B01029
TIRUMALCHM,THIRUMALAI CHEMICALS,894977,INE338A01024
TITAGARH,TITAGARH RAIL SYSTEMS,3945985,INE615H01020
TITAN,TITAN COMPANY,897537,INE280A01028
TMB,TAMILNAD MERCA BANK,2801921,INE668A01016
TMCV,TATA MOTORS,194504193,INE1TAE01010
TMPV,TATA MOTORS PASS VEH,884737,INE155A01022
TNIDETF,TATA NIFTY INDIA DIGITAL EXCHANGE TRADED FUND,2273793,INF277KA1364
TNIDETINAV,TNIDETF INAV,2603265,
TNPETRO,TAMILNADU PETROPRODUCTS L,898305,INE148A01019
TNPL,TAMILNADU NEWSPRT & PAPER,1018881,INE107A01015
TNTELE,TAMILNADU TELECOMMUNICATI,899073,INE141D01018
TOLINS,TOLINS TYRES,6467073,INE0RWQ01014
TOP100CASE,ZERODHA NIFTY 100 ETF,6164737,INF0R8F01067
TOP100INAV,ZERODHAAMC - TOP100INAV,6166017,
TOP10ADD,DSP NIFTY TOP 10 EQUAL WEIGHT ETF,6443777,INF740KA1UR9
TOP10AINAV,DSPAMC - TOP10AINAV,6445825,
TOP15IETF,ICICI PRUDENTIAL NIFTY TOP 15 EQUAL WEIGHT ETF,193991937,INF109K1A344
TOP20,MIRAE ASSET NIFTY TOP 20 EQUAL WEIGHT ETF,194666241,INF769K01PZ5
TOP20INAV,MIRAEAMC - TOP20INAV,7831041,
TOPETFINAV,ICICIPRAMC - TOPETFINAV,7814401,
TORNTPHARM,TORRENT PHARMACEUTICALS L,900609,INE685A01028
TORNTPOWER,TORRENT POWER,3529217,INE813H01021
TOTAL,TOTAL TRANSPORT SYS,5740289,INE336X01012
TOUCHWOOD,TOUCHWOOD ENTERTAIN,4328449,INE486Y01013
TPHQ,TEAMO PRODUCTIONS HQ,4350977,INE065J01024
TPLPLASTEH,TPL PLASTECH,2360065,INE413G01022
TRACXN,TRACXN TECHNOLOGIES,2964993,INE0HMF01019
TRANSPEK,TRANSPEK INDUSTRY,903937,INE687A01016
TRANSRAILL,TRANSRAIL LIGHTING,7350785,INE454P01035
TRAVELFOOD,TRAVEL FOOD SERVICES,193931521,INE103V01028
TREEHOUSE,TREE HOUSE EDU,6420993,INE040M01013
TREJHARA,TREJHARA SOLUTIONS,1924609,INE00CA01015
TREL,TRANSINDIA REAL ESTATE L,4555521,INE0O3901029
TRENT,TRENT,502785,INE849A01020
TRF,TRF,4604673,INE391D01019
TRIDENT,TRIDENT,2479361,INE064C01022
TRIGYN,TRIGYN TECHNOLOGIES,1389569,INE948A01012
TRITURBINE,TRIVENI TURBINE,6549505,INE152M01016
TRIVENI,TRIVENI ENGG. & INDS.,3348737,INE256C01024
TRU,TRUCAP FINANCE,2400769,INE615R01029
TRUALT,TRUALT BIOENERGY,194357761,INE0MWH01014
TSFINV,TSF INVESTMENTS,558849,INE202Z01029
TTKHLTCARE,TTK HEALTHCARE,2910465,INE910C01018
TTKPRESTIG,TTK PRESTIGE,907777,INE690A01028
TTL,T T,3664385,INE592B01024
TTML,TATA TELESERV(MAHARASTRA),2292225,INE517B01013
TVSELECT,TVS ELECTRONICS,2883841,INE236G01019
TVSHLTD,TVS HOLDINGS,7426049,INE105A01035
TVSMOTOR,TVS MOTOR COMPANY ,2170625,INE494B01023
TVSSCS,TVS SUPPLY CHAIN SOL L,4646657,INE395N01027
TVSSRICHAK,TVS SRICHAKRA,3646721,INE421C01016
TVTODAY,TV TODAY NETWORK,2886401,INE038F01029
TVVISION,TV VISION,4737025,INE871L01013
TWCGLDINAV,WEALTH - TWCGLDINAV,7832577,
TWCGOLDETF,THE WEALTH COMPANY GOLD ETF,194683393,INF2F0001370
UBL,UNITED BREWERIES,4278529,INE686F01025
UCAL,UCAL,913921,INE139B01016
UCOBANK,UCO BANK,2873089,INE691A01018
UDS,UPDATER SERVICES,4892929,INE851I01011
UEL,UJAAS ENERGY,6017793,INE899L01030
UFBL,UNITED FOODBRANDS,800513,INE382M01027
UFLEX,UFLEX,269569,INE516A01017
UFO,UFO MOVIEZ INDIA,2313985,INE527H01019
UGARSUGAR,THE UGAR SUGAR WORKS,5011969,INE071E01023
UGROCAP,UGRO CAPITAL,1360129,INE583D01011
UJJIVANSFB,UJJIVAN SMALL FINANC BANK,3898369,INE551W01018
ULTRACEMCO,ULTRATECH CEMENT,2952193,INE481G01011
ULTRAMAR,ULTRAMARINE & PIGMENTS L,195318017,INE405A01021
UMIYA-MRO,UMIYA BUILDCON,2303489,INE398B01018
UNGOLDINAV,UNIONAMC - UNGOLDINAV,7600641,
UNICHEMLAB,UNICHEM LABORATORIES,916225,INE351A01035
UNIECOM,UNICOMMERCE ESOLUTIONS L,6351105,INE00U401027
UNIENTER,UNIPHOS ENTERPRISES,2891009,INE037A01022
UNIMECH,UNIMECH AEROSPACE N MFG L,7413761,INE0U3I01011
UNIONBANK,UNION BANK OF INDIA,2752769,INE692A01016
UNIONGOLD,UNION GOLD ETF,7599873,INF582M01KS4
UNIPARTS,UNIPARTS INDIA,3342593,INE244O01017
UNITDSPR,UNITED SPIRITS,2674433,INE854D01024
UNITECH,UNITECH,920065,INE694A01020
UNITEDTEA,UNITED NILGIRI TEA,4607745,INE458F01011
UNIVASTU,UNIVASTU INDIA,4858113,INE562X01013
UNIVCABLES,UNIVERSAL CABLES,923393,INE279A01012
UNOMINDA,UNO MINDA,3623425,INE405E01023
UPL,UPL,2889473,INE628A01036
URAVIDEF,URAVI DEFENCE &TECH,4370177,INE568Z01015
URBANCO,URBAN COMPANY,194325505,INE0CAZ01013
URJA,URJA GLOBAL,5171969,INE550C01020
USHAMART,USHA MARTIN,2263041,INE228A01035
USK,UDAYSHIVAKUMAR INFRA,3806977,INE0N0Y01013
UTIAMC,UTI ASSET MNGMT CO,134913,INE094J01016
UTIBANINAV,UTIBANKETF INAV,2603777,
UTINEXINAV,UTINEXT50 INAV,2604033,
UTINIFINAV,UTINIFTETF INAV,2604289,
UTISENINAV,UTISENSETF INAV,2604801,
UTISXNINAV,UTISXN50 INAV,2606593,
UTKARSHBNK,UTKARSH SMALL FIN BANK L,4443649,INE735W01017
UTLSOLAR,FUJIYAMA POWER SYSTEMS L,194528257,INE12UR01024
UTTAMSUGAR,UTTAM SUGAR MILLS,3424257,INE786F01031
UYFINCORP,U. Y. FINCORP,6560257,INE152C01025
V2RETAIL,V2 RETAIL,3780097,INE945H01021
VADILALIND,VADILAL INDUSTRIES,6194177,INE694D01016
VAIBHAVGBL,VAIBHAV GLOBAL,2909185,INE884A01027
VAKRANGEE,VAKRANGEE,3415553,INE051B01021
VAL30IETF,ICICI PRUDENTIAL NIFTY200 VALUE 30 ETF,6617857,INF109KC16X5
VAL30IINAV,ICICIPRAMC - VAL30IINAV,6618625,
VALUE,MIRAEAMC - VALUE,194946817,INF769K01QV2
VALUEINAV,MIRAEAMC - VALUEINAV,7836929,
VARDHACRLC,VARDHAMAN ACRYLICS,2872321,INE116G01013
VARDMNPOLY,VARDHMAN POLYTEX,933377,INE835A01029
VARROC,VARROC ENGINEERING,987393,INE665L01035
VASWANI,VASWANI IND,6487041,INE590L01019
VBL,VARUN BEVERAGES,4843777,INE200M01039
VCL,VAXTEX COTFAB,2309121,INE098201036
VEDL,VEDANTA,784129,INE205A01025
VEEDOL,VEEDOL CORPORATION,3588865,INE484C01030
VELJAN,VELJAN DENISON,195319297,INE232E01013
VENKEYS,VENKY S (INDIA),961793,INE398A01010
VENTIVE,VENTIVE HOSPITALITY,7384833,INE781S01027
VENUSPIPES,VENUS PIPES & TUBES,2455553,INE0JA001018
VERANDA,VERANDA LEARNING SOL,2275841,INE0IQ001011
VESUVIUS,VESUVIUS INDIA,941057,INE386A01023
VGL,VARVEE GLOBAL,3525377,INE273D01027
VGUARD,V-GUARD IND,3932673,INE951I01027
VHL,VARDHMAN HOLDINGS,3044353,INE701A01023
VIDHIING,VIDHI SPCLTY F INGRDNTS L,3465217,INE632C01026
VIDYAWIRES,VIDYA WIRES,194617345,INE14UN01029
VIJAYA,VIJAYA DIAGNOSTIC CEN,1429761,INE043W01024
VIKASECO,VIKAS ECOTECH,6593537,INE806A01020
VIKASLIFE,VIKAS LIFECARE,2542337,INE161L01027
VIKRAMSOLR,VIKRAM SOLAR,194419969,INE078V01014
VIKRAN,VIKRAN ENGINEERING,194297089,INE01R501028
VIMTALABS,VIMTA LABS,3353857,INE579C01029
VINATIORGA,VINATI ORGANICS,4445185,INE410B01037
VINCOFE,VINTAGE COFFEE N BVRGS L,6613761,INE498Q01014
VINDHYATEL,VINDHYA TELELINKS,945665,INE707A01012
VINNY,VINNY OVERSEAS,3197441,INE01KI01027
VINYLINDIA,VINYL CHEMICALS (I),4306177,INE250B01029
VIPIND,VIP INDUSTRIES,947969,INE054A01027
VIPULLTD,VIPUL,2156545,INE946H01037
VIRINCHI,VIRINCHI,3915521,INE539B01017
VISAKAIND,VISAKA INDUSTRIES,1080577,INE392A01021
VISHNU,VISHNU CHEMICALS,1768449,INE270I01022
VISHWARAJ,VISHWARAJ SUGAR IND,3507713,INE430N01022
VIVIDHA,VISAGAR POLYTEX,7648513,INE370E01029
VIYASH,VIYASH SCIENTIFIC,3659777,INE807F01027
VLSFINANCE,VLS FINANCE,951041,INE709A01018
VMART,VMART RETAIL,7496705,INE665J01013
VMM,VISHAL MEGA MART,7160065,INE01EA01019
VOLTAMP,VOLTAMP TRANSFORMERS,3475713,INE540H01012
VOLTAS,VOLTAS,951809,INE226A01021
VRAJ,VRAJ IRON AND STEEL,6226177,INE0S2V01010
VRLLOG,VRL LOGISTICS,2226177,INE366I01010
VSSL,VARDHMAN SPC STEEL,6929153,INE050M01012
VSTIND,VST INDUSTRIES,953345,INE710A01016
VSTL,VIBHOR STEEL TUBES,5818881,INE0QTF01015
VSTTILLERS,VST TILLERS TRACTORS,6218753,INE764D01017
VTL,VARDHMAN TEXTILES,530689,INE825A01020
WAAREEENER,WAAREE ENERGIES,6632193,INE377N01017
WAAREEINDO,INDOSOLAR,5108481,INE866K01023
WAAREERTL,WAAREE RENEWABLE TECH,193545729,INE299N01021
WABAG,VA TECH WABAG,5168129,INE956G01038
WAKEFIT,WAKEFIT INNOVATIONS,194626305,INE0E7301029
WALCHANNAG,WALCHANDNAGAR INDUSTRIES,956417,INE711A01022
WANBURY,WANBURY,3600129,INE107F01022
WCIL,WESTERN CARRIERS (IND) L,6503169,INE0CJF01024
WEALTH,WEALTH FRST PORT. MG.,492289,INE658T01017
WEBELSOLAR,WEBSOL ENERGY SYSTEM,3738113,INE855C01023
WEIZMANIND,WEIZMANN,959489,INE080A01014
WEL,WONDER ELECTRICALS,2005761,INE02WG01024
WELCORP,WELSPUN CORP,3026177,INE191B01025
WELENT,WELSPUN ENTERPRISES,2976257,INE625G01013
WELSPLSOL,WELSPUN SPECIALTY SOL L,195320577,INE731F01037
WELSPUNLIV,WELSPUN LIVING,2880769,INE192B01031
WENDT,WENDT (INDIA),1084161,INE274C01019
WESTLIFE,WESTLIFE FOODWORLD,2964481,INE274F01020
WEWORK,WEWORK INDIA MANAGEMENT L,194415105,INE085001019
WHEELS,WHEELS INDIA,964097,INE715A01015
WHIRLPOOL,WHIRLPOOL OF INDIA,4610817,INE716A01013
WILLAMAGOR,WILLIAMSON MAGOR,965633,INE210A01017
WINDLAS,WINDLAS BIOTECH,1373697,INE0H5O01029
WINDMACHIN,WINDSOR MACHINES,6392065,INE052A01021
WIPL,THE WESTERN INDIA PLY,5243137,INE215F01023
WIPRO,WIPRO,969473,INE075A01022
WOCKPHARMA,WOCKHARDT,1921537,INE049B01025
WONDERLA,WONDERLA HOLIDAYS,768513,INE066O01014
WORTHPERI,WORTH PERIPHERALS,5702913,INE196Y01018
WPIL,W P I L,195322369,INE765D01022
WSI,W.S.INDUSTRIES (I),3795969,INE100D01014
WSTCSTPAPR,WEST COAST PAPER MILLS LT,972545,INE976A01021
XCHANGING,XCHANGING SOLUTIONS,2996481,INE692G01013
XELPMOC,XELPMOC DESIGN & TECH,2170113,INE01P501012
XPROINDIA,XPRO INDIA,2920193,INE445C01015
XTGLOBAL,XTGLOBAL INFOTECH,6460161,INE547B01028
YASHO,YASHO INDUSTRIES,4641537,INE616Z01012
YATHARTH,YATHARTH HOSP & TRA C S L,4540929,INE0JO301016
YATRA,YATRA ONLINE,4802561,INE0JR601024
YESBANK,YES BANK,3050241,INE528G01035
YUKEN,YUKEN INDIA,1408257,INE384C01016
ZAGGLE,ZAGGLE PREPA OCEAN SER L,4763649,INE07K301024
ZEEL,ZEE ENTERTAINMENT ENT,975873,INE256A01028
ZEEMEDIA,ZEE MEDIA CORPORATION,3584769,INE966H01019
ZENITHEXPO,ZENITH EXPORTS,1069057,INE058B01018
ZENITHSTL,ZENITH STEEL PIP IND,3727873,INE318D01020
ZENSARTECH,ZENSAR TECHNOLOGIES ,275457,INE520A01027
ZENTEC,ZEN TECHNOLOGIES,1922049,INE251B01027
ZFCVINDIA,ZF COM VE CTR SYS IND,4330241,INE342J01019
ZFSTEERING,Z F STEERING GEAR (I),1082625,INE116C01012
ZODIACLOTH,ZODIAC CLOTHING CO.,978177,INE206B01013
ZOTA,ZOTA HEALTH CARE,2916865,INE358U01012
ZSARACOM,SARASWATI COMM (INDIA) L,195324161,INE967G01019
ZUARI,ZUARI AGRO CHEMICALS,7436801,INE840M01016
ZUARIIND,ZUARI INDUSTRIES,979713,INE217A01012
ZYDUSLIFE,ZYDUS LIFESCIENCES,2029825,INE010B01027
ZYDUSWELL,ZYDUS WELLNESS,4514561,INE768C01028
